number_of_rows,ip
21113098,42.219.156.211
20712441,42.219.156.231
8006954,42.219.153.191
6463978,42.219.159.95
5691996,42.219.155.28
4591194,42.219.159.85
4256629,42.219.153.62
3480839,42.219.158.156
2896611,42.219.155.56
2763365,42.219.153.89
2748536,42.219.153.7
2337073,42.219.155.26
2286615,42.219.159.194
2232025,42.219.159.92
2179889,42.219.152.249
1867730,42.219.159.82
1779469,42.219.159.94
1287814,42.219.158.226
1250228,42.219.154.107
1237597,42.219.153.128
1020812,42.219.155.59
984940,42.219.156.243
923032,42.219.154.108
909024,42.219.158.180
848163,42.219.158.175
836154,42.219.154.128
796193,42.219.154.101
790373,42.219.158.186
775486,42.219.159.181
743906,42.219.157.222
698607,42.219.154.100
685717,42.219.159.199
681487,42.219.154.97
659646,42.219.154.119
630756,42.219.154.114
621267,42.219.155.90
620247,42.219.159.197
609168,42.219.158.213
587419,42.219.155.102
577938,42.219.153.147
576255,42.219.159.195
570373,42.219.159.87
567220,42.219.154.116
561855,42.219.159.106
555763,42.219.159.86
554807,42.219.158.191
546546,42.219.154.105
537392,42.219.158.160
523283,42.219.157.23
506488,42.219.155.107
504112,42.219.158.178
492599,42.219.156.223
488283,42.219.153.164
479745,42.219.159.201
464954,42.219.157.10
439936,42.219.154.98
432385,42.219.153.38
425172,42.219.159.118
413848,42.219.159.63
409580,42.219.156.213
402725,42.219.154.129
386948,42.219.156.239
383125,42.219.156.215
379531,42.219.158.212
371808,42.219.158.161
370822,42.219.158.206
363217,42.219.156.212
360941,42.219.154.103
352548,42.219.158.235
351566,42.219.153.26
339551,42.219.158.188
336038,42.219.154.154
335927,42.219.156.214
319861,42.219.157.12
315190,42.219.159.119
292230,42.219.154.133
284297,42.219.154.109
283419,42.219.154.132
282699,42.219.159.76
278882,42.219.153.219
277749,42.219.155.88
276854,42.219.158.179
273944,42.219.155.103
266861,42.219.154.142
265842,42.219.145.18
261111,42.219.154.111
259206,42.219.155.100
257257,42.219.152.126
242386,42.219.158.190
242137,42.219.154.130
241755,42.219.145.25
240132,42.219.153.30
238667,42.219.153.21
238051,42.219.158.164
229637,42.219.159.88
228651,42.219.159.93
218767,42.219.156.210
209510,42.219.158.165
205919,42.219.159.182
205846,42.219.153.156
203502,42.219.154.96
196198,42.219.159.91
195853,42.219.154.123
191403,42.219.159.90
188846,42.219.154.151
185595,42.219.155.106
185008,42.219.153.12
179606,42.219.154.135
178515,42.219.153.248
175955,42.219.153.103
175819,42.219.145.114
175542,42.219.159.61
174972,42.219.154.149
174522,42.219.153.123
174087,42.219.156.246
174030,42.219.153.252
167818,42.219.159.115
165936,42.219.158.177
163282,42.219.145.202
163277,42.219.155.95
157071,42.219.153.155
156361,42.219.159.121
155891,42.219.153.149
151785,42.219.158.220
147696,42.219.154.122
146232,42.219.156.185
141099,42.219.153.58
138728,42.219.153.117
135986,42.219.158.204
134688,42.219.156.229
131415,42.219.153.43
129124,42.219.153.41
128770,42.219.156.198
123816,42.219.155.119
121774,42.219.158.242
120267,42.219.153.78
118722,42.219.153.168
113776,42.219.152.242
110031,42.219.145.158
108723,42.219.157.27
107817,42.219.153.27
106704,42.219.154.159
100354,42.219.153.199
99696,42.219.154.99
94286,42.219.154.106
93329,42.219.157.213
89669,42.219.159.221
86122,42.219.159.154
85879,42.219.154.156
85362,42.219.153.136
81864,42.219.145.242
80101,42.219.154.104
79193,42.219.159.179
78051,42.219.159.152
75704,42.219.155.105
74931,42.219.154.176
74238,42.219.155.113
73983,42.219.155.188
72981,42.219.153.118
71213,42.219.156.195
71104,42.219.157.8
70339,42.219.153.74
68479,42.219.154.157
67911,42.219.154.117
67844,42.219.154.121
65325,42.219.158.246
64413,42.219.152.248
62848,42.219.158.202
62805,42.219.158.218
62622,42.219.151.129
62164,42.219.156.245
61825,42.219.154.182
61230,42.219.157.24
60772,42.219.157.6
58994,42.219.155.94
58170,42.219.153.105
56640,42.219.159.89
55867,42.219.153.120
55646,42.219.155.115
54935,42.219.145.243
54412,42.219.157.25
54252,42.219.154.19
54187,42.219.145.88
54127,42.219.154.18
53232,42.219.155.111
53019,42.219.154.20
52855,42.219.158.224
52175,42.219.153.72
51956,42.219.153.81
51831,42.219.153.76
51745,42.219.153.44
51454,42.219.159.196
51213,42.219.158.173
50507,42.219.154.141
50258,42.219.154.178
50149,42.219.153.67
47972,42.219.159.83
47777,42.219.153.154
47727,42.219.153.101
47304,42.219.152.255
46854,42.219.154.150
46312,42.219.154.131
45448,42.219.153.190
44904,42.219.158.176
44585,42.219.153.57
44309,42.219.155.57
44259,42.219.153.8
43848,42.219.154.118
43723,42.219.153.112
42902,42.219.159.69
42773,42.219.154.152
42466,42.219.154.180
42251,42.219.159.171
41856,42.219.154.155
41727,42.219.154.110
41198,42.219.153.15
40883,42.219.153.68
40322,42.219.159.71
40166,42.219.154.186
39292,42.219.154.147
39140,42.219.153.40
38809,42.219.153.53
38249,42.219.155.81
37745,42.219.145.19
37382,42.219.157.11
37358,42.219.145.240
36725,42.219.155.1
36714,42.219.159.170
35988,42.219.155.181
35784,42.219.156.196
35051,42.219.153.176
34728,42.219.154.134
34719,42.219.156.199
34484,42.219.153.35
34421,42.219.155.135
34156,42.219.153.244
33905,42.219.154.146
33511,42.219.153.159
33219,42.219.159.183
33074,42.219.153.220
32966,42.219.156.197
32773,42.219.155.133
32669,42.219.145.119
32648,42.219.154.144
32466,42.219.154.158
32303,42.219.153.45
31894,42.219.153.233
31881,42.219.154.185
31768,42.219.159.104
31738,42.219.157.29
31424,42.219.153.131
31020,42.219.155.69
30973,42.219.153.119
30670,42.219.156.194
30168,42.219.159.59
29969,42.219.153.238
29918,42.219.154.124
29893,42.219.158.240
29276,42.219.153.39
28785,42.219.154.102
28490,42.219.153.234
28070,42.219.158.205
27943,42.219.145.234
27862,42.219.153.79
27564,42.219.154.145
27262,42.219.154.184
27147,42.219.153.59
27101,42.219.156.237
26962,42.219.159.190
26756,42.219.155.23
26619,42.219.153.197
26616,42.219.153.226
26522,42.219.153.47
26000,42.219.155.11
25406,42.219.154.188
25379,42.219.153.83
25149,42.219.159.127
24805,42.219.156.226
24789,42.219.153.18
24374,42.219.154.191
24060,42.219.159.64
23765,42.219.155.93
23698,42.219.153.218
23626,42.219.153.250
23457,42.219.158.225
23410,42.219.159.80
23399,42.219.153.4
23332,42.219.153.49
23188,42.219.159.189
23154,42.219.155.128
22544,42.219.155.189
22393,42.219.155.29
22300,42.219.159.84
22236,42.219.155.5
22062,42.219.153.236
22038,42.219.153.100
21802,42.219.153.166
21146,42.219.158.169
20925,42.219.159.120
20168,42.219.153.64
19485,42.219.159.192
19465,42.219.153.80
19370,42.219.153.227
19136,42.219.153.2
19100,42.219.153.110
19058,42.219.153.163
19054,42.219.159.122
19014,42.219.159.216
18820,42.219.153.60
18762,42.219.154.189
18522,42.219.153.24
18379,42.219.158.174
18375,42.219.154.148
18162,42.219.153.198
18142,42.219.158.216
18079,42.219.154.177
17845,42.219.158.183
17738,42.219.158.255
17555,42.219.158.236
17531,42.219.153.125
17506,42.219.153.222
17366,42.219.155.20
17248,42.219.157.2
17103,42.219.153.193
16884,42.219.159.185
16467,42.219.158.211
16130,42.219.153.140
16095,42.219.154.113
16056,42.219.156.248
16025,42.219.153.251
15899,42.219.153.17
15804,42.219.153.209
15560,42.219.154.45
15436,42.219.153.178
15391,42.219.153.225
14882,42.219.155.104
14746,42.219.158.227
14603,42.219.159.68
14479,42.219.156.233
14322,42.219.157.206
14322,42.219.154.56
14227,42.219.156.193
14199,42.219.153.9
14108,42.219.158.163
14077,42.219.155.87
13984,42.219.153.241
13814,42.219.155.13
13805,42.219.145.125
13702,42.219.158.196
13701,42.219.153.240
13693,42.219.154.153
13677,42.219.153.75
13630,42.219.152.251
13370,42.219.158.172
13360,42.219.158.162
13340,42.219.158.189
13109,42.219.155.164
13016,42.219.155.123
12927,42.219.153.158
12853,42.219.155.6
12846,42.219.153.150
12831,42.219.159.66
12722,42.219.153.130
12615,42.219.155.10
12565,42.219.156.232
12553,42.219.155.19
12312,42.219.155.129
12265,42.219.159.133
12025,42.219.157.235
12011,42.219.153.133
11853,42.219.156.228
11783,42.219.153.91
11764,42.219.153.169
11700,42.219.154.179
11552,42.219.154.143
11481,42.219.153.36
11395,42.219.157.220
11265,42.219.155.132
11092,42.219.152.254
11023,42.219.153.179
10840,42.219.155.65
10744,42.219.153.204
10529,42.219.153.113
10487,42.219.156.230
10417,42.219.153.162
10356,42.219.158.243
10190,42.219.153.214
10179,42.219.153.143
10065,42.219.158.171
9806,42.219.153.55
9791,42.219.158.229
9628,42.219.158.223
9614,42.219.153.25
9599,42.219.157.145
9474,42.219.155.116
9423,42.219.159.164
9392,42.219.153.210
9338,42.219.153.152
9337,42.219.153.141
9319,42.219.152.246
9289,42.219.154.190
9228,42.219.153.165
9019,42.219.153.48
8900,42.219.153.0
8739,42.219.159.142
8587,42.219.145.159
8501,42.219.155.12
8499,42.219.154.172
8457,42.219.153.132
8411,42.219.155.22
8386,42.219.156.241
8356,42.219.153.221
8245,42.219.153.33
8177,42.219.156.186
7912,42.219.159.191
7853,42.219.155.70
7816,42.219.152.123
7782,42.219.154.187
7625,42.219.153.23
7619,42.219.156.240
7368,42.219.145.70
7299,42.219.159.188
7136,42.219.158.249
7102,42.219.153.194
7045,42.219.159.219
7023,42.219.145.224
7005,42.219.145.151
7000,42.219.154.183
6980,42.219.153.202
6842,42.219.158.253
6827,42.219.152.207
6686,42.219.157.22
6610,42.219.153.115
6558,42.219.155.78
6437,42.219.153.63
6400,42.219.153.54
6388,42.219.155.72
6319,42.219.154.173
6314,42.219.155.86
6244,42.219.159.187
6208,42.219.153.111
6157,42.219.157.28
6124,42.219.155.131
5925,42.219.155.82
5880,42.219.159.159
5873,42.219.159.103
5840,42.219.158.209
5835,42.219.153.114
5798,42.219.153.246
5733,42.219.158.214
5709,42.219.153.37
5705,42.219.155.190
5654,42.219.155.191
5644,42.219.158.251
5636,42.219.153.108
5630,42.219.159.186
5585,42.219.157.7
5562,42.219.150.253
5510,42.219.153.208
5439,42.219.154.115
5218,42.219.154.181
5169,42.219.155.27
5123,42.219.159.177
5121,42.219.159.158
5100,42.219.156.184
5090,42.219.158.217
5013,42.219.153.242
4948,42.219.153.146
4867,42.219.157.9
4795,42.219.170.246
4736,42.219.155.75
4686,42.219.156.244
4686,42.219.152.241
4528,42.219.159.220
4472,42.219.153.145
4430,42.219.153.5
4339,42.219.145.226
4225,42.219.158.238
4223,42.219.157.15
4197,42.219.155.25
3935,42.219.155.68
3899,42.219.152.238
3898,42.219.155.89
3883,42.219.153.142
3864,42.219.154.63
3765,42.219.153.65
3579,42.219.154.55
3560,42.219.157.246
3520,42.219.155.21
3436,42.219.152.57
3346,42.219.153.144
3283,42.219.153.99
3258,42.219.153.16
3228,42.219.155.4
3225,42.219.154.30
3210,42.219.155.64
3191,42.219.153.184
3186,42.219.145.225
3175,42.219.159.107
3131,42.219.155.85
3092,42.219.155.77
3089,42.219.155.155
3053,42.219.155.154
3008,42.219.155.31
2966,42.219.157.13
2843,42.219.155.66
2831,42.219.153.61
2825,42.219.155.30
2814,42.219.155.83
2810,42.219.155.18
2785,42.219.155.17
2767,42.219.152.240
2755,42.219.155.79
2752,42.219.155.91
2718,42.219.156.188
2674,42.219.153.6
2650,42.219.156.189
2634,42.219.156.187
2634,42.219.153.82
2582,42.219.156.190
2534,42.219.153.215
2486,42.219.153.170
2447,42.219.153.216
2438,42.219.153.71
2423,42.219.158.231
2402,42.219.145.17
2337,42.219.145.241
2022,42.219.153.174
2021,42.219.156.227
2019,42.219.153.187
1977,42.219.158.157
1951,42.219.153.42
1895,42.219.153.172
1869,42.219.152.229
1862,42.219.153.229
1744,42.219.158.228
1625,42.219.148.236
1572,42.219.155.185
1552,42.219.157.221
1491,42.219.152.127
1443,42.219.159.207
1426,42.219.159.200
1423,42.219.149.71
1420,42.219.155.179
1392,42.219.152.211
1386,42.219.158.219
1346,42.219.152.204
1341,42.219.159.210
1306,42.219.153.14
1305,42.219.152.202
1302,42.219.159.114
1298,42.219.158.170
1297,42.219.153.69
1279,42.219.159.198
1253,42.219.153.31
1251,42.219.152.200
1246,42.219.157.254
1239,42.219.157.205
1236,42.219.152.124
1227,42.219.159.202
1190,42.219.150.255
1188,42.219.157.236
1184,42.219.157.253
1162,42.219.153.10
1129,42.219.145.148
1122,42.219.156.33
1115,42.219.157.225
1102,42.219.157.241
1086,42.219.157.230
1080,42.219.146.188
1077,42.219.147.184
1064,42.219.155.97
1053,42.219.157.234
1036,42.219.149.97
1031,42.219.153.183
1026,42.219.152.209
1024,42.219.153.212
1019,42.219.159.105
1005,42.219.155.3
1004,42.219.155.145
1004,42.219.153.92
1003,42.219.153.151
1002,42.219.155.177
990,42.219.153.28
986,42.219.145.110
966,42.219.155.187
962,42.219.155.153
961,42.219.155.152
955,42.219.155.144
954,42.219.152.122
928,42.219.151.234
914,42.219.157.5
912,42.219.154.125
908,42.219.153.122
897,42.219.152.203
892,42.219.145.247
890,42.219.159.218
888,42.219.152.205
880,42.219.157.1
876,42.219.151.142
875,42.219.152.210
867,42.219.159.49
864,42.219.153.94
861,42.219.157.109
861,42.219.145.82
853,42.219.157.249
851,42.219.154.202
848,42.219.145.232
839,42.219.155.110
831,42.219.148.178
829,42.219.148.247
824,42.219.147.200
822,42.219.149.44
819,42.219.148.194
817,42.219.152.206
814,42.219.154.75
810,42.219.153.171
810,42.219.147.153
808,42.219.148.135
807,42.219.148.146
806,42.219.158.222
806,42.219.151.158
804,42.219.157.21
802,42.219.155.73
801,42.219.148.240
800,42.219.154.44
797,42.219.149.55
794,42.219.147.175
793,42.219.149.95
792,42.219.149.75
789,42.219.151.134
789,42.219.149.9
789,42.219.148.205
788,42.219.147.174
787,42.219.155.178
787,42.219.149.123
785,42.219.153.11
784,42.219.159.129
784,42.219.147.228
782,42.219.147.225
778,42.219.148.190
777,42.219.155.124
777,42.219.149.82
775,42.219.149.62
775,42.219.148.249
774,42.219.149.64
772,42.219.153.109
772,42.219.149.125
771,42.219.153.1
771,42.219.151.135
771,42.219.144.150
768,42.219.153.243
768,42.219.150.25
767,42.219.152.224
767,42.219.149.46
766,42.219.156.225
766,42.219.147.232
765,42.219.152.201
765,42.219.149.113
762,42.219.148.134
761,42.219.159.203
760,42.219.147.139
759,42.219.156.224
759,42.219.148.139
758,42.219.150.199
758,42.219.146.136
757,42.219.159.140
756,42.219.150.128
756,42.219.149.92
756,42.219.149.23
755,42.219.149.86
755,42.219.149.78
755,42.219.149.41
754,42.219.158.244
754,42.219.155.141
754,42.219.147.143
753,42.219.158.247
753,42.219.149.116
753,42.219.148.176
753,42.219.148.150
753,42.219.146.242
752,42.219.148.245
752,42.219.147.159
751,42.219.149.72
750,42.219.148.179
750,42.219.147.140
750,42.219.147.131
749,42.219.157.144
749,42.219.145.111
748,42.219.149.5
748,42.219.148.225
747,42.219.153.70
747,42.219.149.2
747,42.219.149.100
747,42.219.148.191
746,42.219.155.67
746,42.219.149.93
746,42.219.149.59
746,42.219.149.120
745,42.219.147.149
744,42.219.159.128
743,42.219.148.172
743,42.219.148.159
743,42.219.147.231
743,42.219.146.245
742,42.219.154.219
742,42.219.148.200
741,42.219.154.27
741,42.219.154.24
740,42.219.148.160
740,42.219.148.138
740,42.219.146.38
739,42.219.144.206
738,42.219.155.92
738,42.219.150.177
738,42.219.149.103
738,42.219.149.102
737,42.219.159.228
737,42.219.158.250
737,42.219.149.6
737,42.219.149.51
737,42.219.148.189
737,42.219.146.168
736,42.219.146.153
735,42.219.153.121
735,42.219.149.73
734,42.219.153.73
734,42.219.149.80
734,42.219.147.169
734,42.219.147.132
734,42.219.146.191
734,42.219.145.23
733,42.219.147.235
733,42.219.147.215
733,42.219.146.160
732,42.219.151.222
732,42.219.147.136
731,42.219.154.23
731,42.219.149.79
731,42.219.149.67
731,42.219.148.207
731,42.219.146.222
730,42.219.148.180
730,42.219.147.187
730,42.219.147.162
729,42.219.155.140
729,42.219.148.233
729,42.219.146.194
728,42.219.147.161
728,42.219.147.151
727,42.219.154.51
727,42.219.149.14
727,42.219.148.223
727,42.219.148.161
726,42.219.157.78
726,42.219.150.198
726,42.219.149.69
726,42.219.149.21
726,42.219.146.166
725,42.219.148.253
724,42.219.148.164
724,42.219.147.141
723,42.219.148.237
723,42.219.148.170
723,42.219.147.240
722,42.219.155.183
722,42.219.149.16
722,42.219.149.107
722,42.219.148.147
722,42.219.146.201
722,42.219.145.106
721,42.219.159.206
721,42.219.159.141
721,42.219.153.85
721,42.219.153.124
721,42.219.149.57
721,42.219.147.234
721,42.219.147.210
721,42.219.147.156
721,42.219.144.184
720,42.219.155.182
720,42.219.148.140
720,42.219.146.189
720,42.219.145.95
720,42.219.145.105
719,42.219.157.4
719,42.219.155.37
719,42.219.148.244
719,42.219.148.166
719,42.219.144.154
718,42.219.152.196
718,42.219.148.157
718,42.219.147.173
718,42.219.145.26
718,42.219.144.144
717,42.219.154.34
717,42.219.153.200
717,42.219.151.51
717,42.219.149.27
717,42.219.148.213
716,42.219.154.112
716,42.219.149.115
716,42.219.144.253
715,42.219.157.39
715,42.219.153.93
715,42.219.153.102
715,42.219.149.68
715,42.219.148.197
715,42.219.148.167
715,42.219.146.221
715,42.219.146.133
714,42.219.156.175
714,42.219.149.33
714,42.219.148.255
714,42.219.148.221
714,42.219.146.129
713,42.219.149.124
713,42.219.148.155
713,42.219.147.221
713,42.219.146.165
713,42.219.146.135
713,42.219.144.223
712,42.219.157.14
712,42.219.157.102
712,42.219.155.120
712,42.219.155.108
712,42.219.154.62
712,42.219.153.160
712,42.219.148.216
712,42.219.147.204
712,42.219.147.150
712,42.219.147.129
712,42.219.144.251
711,42.219.149.84
711,42.219.148.171
711,42.219.147.207
711,42.219.147.182
710,42.219.154.8
710,42.219.152.146
710,42.219.149.90
710,42.219.149.36
710,42.219.148.234
710,42.219.148.144
710,42.219.147.242
710,42.219.147.219
710,42.219.146.145
710,42.219.146.141
709,42.219.153.46
709,42.219.149.56
709,42.219.148.254
709,42.219.148.241
709,42.219.148.143
709,42.219.147.168
709,42.219.146.148
708,42.219.152.244
708,42.219.151.228
708,42.219.149.119
708,42.219.148.177
708,42.219.147.250
708,42.219.147.134
707,42.219.155.2
707,42.219.151.171
707,42.219.149.63
707,42.219.149.47
707,42.219.148.148
707,42.219.147.164
707,42.219.146.228
706,42.219.159.166
706,42.219.156.218
706,42.219.156.216
706,42.219.155.118
706,42.219.152.243
706,42.219.150.149
706,42.219.149.106
706,42.219.148.219
706,42.219.148.173
706,42.219.147.209
706,42.219.144.188
706,42.219.144.136
705,42.219.157.77
705,42.219.156.157
705,42.219.149.112
705,42.219.149.1
705,42.219.147.197
705,42.219.146.151
704,42.219.159.222
704,42.219.155.43
704,42.219.151.225
704,42.219.151.200
704,42.219.148.181
704,42.219.147.248
704,42.219.147.203
704,42.219.146.241
704,42.219.146.142
704,42.219.144.228
703,42.219.154.54
703,42.219.151.145
703,42.219.151.141
703,42.219.150.179
703,42.219.149.7
703,42.219.148.246
703,42.219.146.147
703,42.219.144.204
702,42.219.157.32
702,42.219.151.207
702,42.219.149.19
702,42.219.148.252
702,42.219.148.212
702,42.219.148.156
702,42.219.148.152
702,42.219.147.239
702,42.219.147.236
701,42.219.149.60
701,42.219.148.209
701,42.219.147.244
700,42.219.149.31
700,42.219.148.5
700,42.219.148.226
700,42.219.148.196
700,42.219.147.142
700,42.219.146.219
700,42.219.144.220
699,42.219.152.228
699,42.219.152.153
699,42.219.149.122
699,42.219.149.110
699,42.219.148.198
699,42.219.147.212
699,42.219.147.190
699,42.219.144.205
698,42.219.152.235
698,42.219.150.202
698,42.219.150.137
698,42.219.149.4
698,42.219.149.32
698,42.219.148.243
698,42.219.148.239
698,42.219.148.229
698,42.219.148.193
698,42.219.146.214
697,42.219.150.244
697,42.219.149.50
697,42.219.149.18
697,42.219.147.158
697,42.219.146.146
697,42.219.144.212
696,42.219.155.127
696,42.219.154.91
696,42.219.154.71
696,42.219.153.90
696,42.219.149.127
696,42.219.148.163
696,42.219.147.137
696,42.219.146.204
696,42.219.146.172
696,42.219.145.55
696,42.219.144.210
695,42.219.154.43
695,42.219.147.227
695,42.219.147.154
695,42.219.146.198
694,42.219.157.53
694,42.219.156.169
694,42.219.152.176
694,42.219.150.216
694,42.219.150.201
694,42.219.149.24
694,42.219.149.187
694,42.219.146.206
694,42.219.145.103
693,42.219.159.148
693,42.219.158.187
693,42.219.155.61
693,42.219.152.158
693,42.219.149.17
693,42.219.147.199
693,42.219.147.157
693,42.219.146.237
693,42.219.144.164
692,42.219.151.183
692,42.219.149.85
692,42.219.149.109
692,42.219.148.168
692,42.219.148.137
692,42.219.147.213
692,42.219.145.46
692,42.219.145.4
692,42.219.144.234
691,42.219.157.90
691,42.219.157.18
691,42.219.152.156
691,42.219.149.108
691,42.219.148.182
691,42.219.148.174
691,42.219.146.157
690,42.219.157.65
690,42.219.157.215
690,42.219.151.243
690,42.219.150.148
690,42.219.148.250
690,42.219.146.240
690,42.219.145.29
690,42.219.144.198
689,42.219.158.181
689,42.219.157.104
689,42.219.154.37
689,42.219.154.12
689,42.219.153.207
689,42.219.151.156
689,42.219.150.204
689,42.219.148.154
689,42.219.147.222
689,42.219.147.185
689,42.219.147.147
689,42.219.146.202
688,42.219.159.153
688,42.219.154.40
688,42.219.152.142
688,42.219.151.229
688,42.219.149.40
688,42.219.148.186
688,42.219.148.133
688,42.219.147.177
688,42.219.146.181
688,42.219.144.233
687,42.219.151.244
687,42.219.151.179
687,42.219.151.178
687,42.219.151.160
687,42.219.151.151
687,42.219.151.143
687,42.219.150.254
687,42.219.149.54
687,42.219.149.15
687,42.219.148.222
687,42.219.148.185
687,42.219.148.128
687,42.219.147.255
687,42.219.147.148
687,42.219.146.227
687,42.219.145.31
686,42.219.154.39
686,42.219.153.96
686,42.219.152.252
686,42.219.149.52
686,42.219.149.114
686,42.219.149.0
686,42.219.148.149
686,42.219.146.175
686,42.219.144.227
686,42.219.144.168
685,42.219.157.63
685,42.219.154.61
685,42.219.154.10
685,42.219.153.137
685,42.219.149.66
685,42.219.148.162
685,42.219.147.144
685,42.219.146.250
685,42.219.146.199
685,42.219.146.162
684,42.219.149.58
684,42.219.148.210
684,42.219.148.145
684,42.219.147.191
684,42.219.147.155
684,42.219.146.244
684,42.219.146.229
684,42.219.146.186
684,42.219.144.172
683,42.219.158.252
683,42.219.156.160
683,42.219.154.52
683,42.219.154.17
683,42.219.152.121
683,42.219.150.186
683,42.219.150.169
683,42.219.149.74
683,42.219.147.229
683,42.219.147.226
683,42.219.147.202
683,42.219.147.186
683,42.219.146.234
683,42.219.144.182
682,42.219.158.200
682,42.219.157.127
682,42.219.155.41
682,42.219.151.139
682,42.219.149.96
682,42.219.149.76
682,42.219.146.208
682,42.219.144.180
682,42.219.144.149
681,42.219.159.56
681,42.219.150.247
681,42.219.146.192
680,42.219.154.174
680,42.219.152.199
680,42.219.152.183
680,42.219.150.134
680,42.219.149.87
680,42.219.148.195
680,42.219.148.165
680,42.219.146.200
680,42.219.145.80
680,42.219.145.30
680,42.219.144.232
679,42.219.155.84
679,42.219.155.7
679,42.219.154.90
679,42.219.152.161
679,42.219.150.132
679,42.219.149.35
679,42.219.148.230
679,42.219.148.202
679,42.219.148.158
679,42.219.146.247
679,42.219.146.210
679,42.219.144.147
678,42.219.155.44
678,42.219.151.241
678,42.219.149.13
678,42.219.147.194
677,42.219.159.225
677,42.219.153.98
677,42.219.152.187
677,42.219.149.20
677,42.219.148.199
677,42.219.146.249
677,42.219.146.212
677,42.219.145.28
677,42.219.144.13
676,42.219.153.107
676,42.219.150.190
676,42.219.148.251
676,42.219.148.153
676,42.219.144.225
676,42.219.144.129
675,42.219.157.20
675,42.219.155.46
675,42.219.154.77
675,42.219.150.145
675,42.219.148.192
675,42.219.148.169
675,42.219.148.132
675,42.219.147.172
675,42.219.147.165
675,42.219.144.36
674,42.219.155.63
674,42.219.153.173
674,42.219.152.247
674,42.219.152.208
674,42.219.152.195
674,42.219.152.170
674,42.219.151.172
674,42.219.150.246
674,42.219.149.83
674,42.219.148.227
674,42.219.146.156
674,42.219.145.126
674,42.219.145.123
674,42.219.145.107
674,42.219.144.141
673,42.219.156.221
673,42.219.156.204
673,42.219.152.225
673,42.219.151.161
673,42.219.150.158
673,42.219.149.8
673,42.219.148.214
673,42.219.144.197
673,42.219.144.179
672,42.219.153.20
672,42.219.149.117
672,42.219.148.235
672,42.219.147.196
672,42.219.147.181
672,42.219.146.171
672,42.219.146.155
671,42.219.159.241
671,42.219.157.0
671,42.219.151.166
671,42.219.150.146
671,42.219.149.111
671,42.219.148.217
671,42.219.147.201
671,42.219.146.170
670,42.219.156.182
670,42.219.156.179
670,42.219.155.112
670,42.219.152.136
670,42.219.149.121
670,42.219.148.151
670,42.219.148.141
670,42.219.147.167
670,42.219.146.213
670,42.219.146.197
670,42.219.145.116
670,42.219.144.249
669,42.219.156.148
669,42.219.150.251
669,42.219.150.224
669,42.219.150.221
669,42.219.150.192
669,42.219.149.98
669,42.219.149.65
669,42.219.148.206
669,42.219.147.66
669,42.219.147.220
669,42.219.145.91
668,42.219.158.133
668,42.219.157.121
668,42.219.155.49
668,42.219.153.223
668,42.219.150.180
668,42.219.149.28
668,42.219.147.193
668,42.219.147.183
668,42.219.147.176
668,42.219.147.106
668,42.219.146.217
668,42.219.146.211
668,42.219.146.207
668,42.219.146.128
667,42.219.158.210
667,42.219.157.97
667,42.219.157.108
667,42.219.152.181
667,42.219.152.157
667,42.219.151.203
667,42.219.150.196
667,42.219.148.232
667,42.219.145.66
667,42.219.144.237
666,42.219.153.205
666,42.219.152.237
666,42.219.152.150
666,42.219.152.145
666,42.219.150.217
666,42.219.150.151
666,42.219.149.89
666,42.219.147.111
666,42.219.146.209
666,42.219.144.207
665,42.219.159.175
665,42.219.157.66
665,42.219.155.45
665,42.219.154.46
665,42.219.153.29
665,42.219.151.216
665,42.219.150.227
665,42.219.150.208
665,42.219.149.43
665,42.219.147.245
665,42.219.146.215
665,42.219.145.233
665,42.219.145.108
665,42.219.144.241
665,42.219.144.226
664,42.219.158.149
664,42.219.157.99
664,42.219.155.60
664,42.219.152.220
664,42.219.152.217
664,42.219.152.198
664,42.219.152.131
664,42.219.151.150
664,42.219.149.88
664,42.219.147.237
664,42.219.147.233
664,42.219.146.176
664,42.219.145.8
664,42.219.144.254
664,42.219.144.240
663,42.219.155.126
663,42.219.154.32
663,42.219.153.211
663,42.219.152.189
663,42.219.152.143
663,42.219.150.231
663,42.219.150.222
663,42.219.150.101
663,42.219.149.81
663,42.219.147.218
663,42.219.147.216
663,42.219.147.180
663,42.219.146.32
663,42.219.146.235
663,42.219.146.174
663,42.219.146.167
663,42.219.146.140
663,42.219.146.0
663,42.219.144.140
662,42.219.157.82
662,42.219.157.48
662,42.219.154.82
662,42.219.151.230
662,42.219.151.208
662,42.219.150.27
662,42.219.150.152
662,42.219.148.142
662,42.219.147.198
662,42.219.147.138
662,42.219.145.93
662,42.219.145.36
661,42.219.159.178
661,42.219.157.88
661,42.219.157.115
661,42.219.156.133
661,42.219.154.59
661,42.219.152.171
661,42.219.150.223
661,42.219.148.188
661,42.219.147.243
661,42.219.146.220
661,42.219.146.195
661,42.219.145.38
660,42.219.159.165
660,42.219.159.162
660,42.219.158.237
660,42.219.156.152
660,42.219.155.50
660,42.219.154.89
660,42.219.151.184
660,42.219.150.249
660,42.219.149.38
660,42.219.149.37
660,42.219.148.242
660,42.219.147.251
660,42.219.146.139
660,42.219.144.156
659,42.219.159.208
659,42.219.156.242
659,42.219.156.156
659,42.219.154.21
659,42.219.152.162
659,42.219.151.195
659,42.219.151.155
659,42.219.151.153
659,42.219.150.193
659,42.219.150.189
659,42.219.150.138
659,42.219.149.30
659,42.219.149.178
659,42.219.149.118
659,42.219.147.254
659,42.219.147.170
659,42.219.146.185
659,42.219.145.41
658,42.219.157.96
658,42.219.154.95
658,42.219.153.230
658,42.219.152.219
658,42.219.152.180
658,42.219.151.239
658,42.219.151.157
658,42.219.151.130
658,42.219.149.91
658,42.219.147.179
658,42.219.146.243
658,42.219.144.238
658,42.219.144.192
658,42.219.144.174
658,42.219.144.142
657,42.219.159.242
657,42.219.158.184
657,42.219.157.106
657,42.219.155.9
657,42.219.155.33
657,42.219.154.92
657,42.219.154.3
657,42.219.153.56
657,42.219.152.167
657,42.219.151.185
657,42.219.150.205
657,42.219.145.24
657,42.219.144.214
657,42.219.144.177
656,42.219.157.91
656,42.219.157.33
656,42.219.157.124
656,42.219.157.105
656,42.219.155.167
656,42.219.154.68
656,42.219.154.6
656,42.219.154.28
656,42.219.152.173
656,42.219.152.138
656,42.219.151.213
656,42.219.151.174
656,42.219.151.133
656,42.219.150.248
656,42.219.150.183
656,42.219.150.159
656,42.219.150.155
656,42.219.150.142
656,42.219.150.136
656,42.219.149.48
656,42.219.149.45
656,42.219.149.126
656,42.219.147.89
656,42.219.147.211
656,42.219.147.166
656,42.219.147.160
656,42.219.147.152
656,42.219.147.124
656,42.219.146.163
656,42.219.146.149
656,42.219.145.97
656,42.219.145.92
656,42.219.145.21
656,42.219.144.222
656,42.219.144.176
655,42.219.157.16
655,42.219.156.200
655,42.219.156.142
655,42.219.154.69
655,42.219.152.185
655,42.219.152.175
655,42.219.152.132
655,42.219.151.152
655,42.219.146.233
655,42.219.146.223
655,42.219.145.76
655,42.219.145.59
655,42.219.145.121
655,42.219.145.112
655,42.219.145.0
654,42.219.157.30
654,42.219.157.208
654,42.219.157.125
654,42.219.156.255
654,42.219.156.201
654,42.219.156.172
654,42.219.156.129
654,42.219.155.99
654,42.219.154.25
654,42.219.153.84
654,42.219.153.13
654,42.219.153.104
654,42.219.152.230
654,42.219.151.198
654,42.219.150.188
654,42.219.148.81
654,42.219.148.218
654,42.219.148.211
654,42.219.148.187
654,42.219.146.203
654,42.219.145.49
654,42.219.145.39
654,42.219.145.109
654,42.219.144.242
653,42.219.156.140
653,42.219.155.96
653,42.219.154.93
653,42.219.154.80
653,42.219.154.76
653,42.219.152.42
653,42.219.151.137
653,42.219.150.178
653,42.219.148.224
653,42.219.148.204
653,42.219.147.241
653,42.219.147.224
653,42.219.147.214
653,42.219.147.146
653,42.219.147.145
653,42.219.147.128
653,42.219.146.49
653,42.219.146.193
653,42.219.146.177
653,42.219.145.44
653,42.219.145.13
653,42.219.144.255
652,42.219.159.112
652,42.219.157.92
652,42.219.157.84
652,42.219.156.178
652,42.219.154.53
652,42.219.153.86
652,42.219.153.192
652,42.219.152.149
652,42.219.151.249
652,42.219.150.170
652,42.219.150.163
652,42.219.150.140
652,42.219.150.130
652,42.219.149.61
652,42.219.147.238
652,42.219.146.239
652,42.219.146.226
652,42.219.146.131
652,42.219.145.10
652,42.219.144.200
652,42.219.144.135
651,42.219.158.145
651,42.219.156.208
651,42.219.155.34
651,42.219.154.29
651,42.219.153.237
651,42.219.152.140
651,42.219.151.218
651,42.219.151.192
651,42.219.150.215
651,42.219.147.230
651,42.219.146.144
651,42.219.146.132
651,42.219.145.83
651,42.219.144.201
650,42.219.154.94
650,42.219.152.233
650,42.219.151.238
650,42.219.150.241
650,42.219.150.240
650,42.219.149.94
650,42.219.149.34
650,42.219.148.46
650,42.219.147.247
650,42.219.147.120
650,42.219.146.34
650,42.219.146.216
650,42.219.145.1
650,42.219.144.239
650,42.219.144.196
649,42.219.157.80
649,42.219.157.123
649,42.219.154.4
649,42.219.153.77
649,42.219.153.66
649,42.219.153.129
649,42.219.151.221
649,42.219.150.194
649,42.219.150.191
649,42.219.150.171
649,42.219.149.99
649,42.219.148.130
649,42.219.148.129
649,42.219.147.195
649,42.219.146.179
649,42.219.144.211
648,42.219.159.143
648,42.219.155.121
648,42.219.154.26
648,42.219.154.14
648,42.219.153.52
648,42.219.152.253
648,42.219.151.205
648,42.219.150.238
648,42.219.150.235
648,42.219.150.234
648,42.219.150.154
648,42.219.149.42
648,42.219.145.85
648,42.219.144.146
647,42.219.157.74
647,42.219.156.146
647,42.219.156.134
647,42.219.154.70
647,42.219.154.33
647,42.219.153.206
647,42.219.151.220
647,42.219.151.163
647,42.219.150.129
647,42.219.149.26
647,42.219.148.220
647,42.219.147.163
647,42.219.146.251
647,42.219.145.84
647,42.219.145.72
647,42.219.145.128
647,42.219.145.104
647,42.219.144.189
647,42.219.144.186
646,42.219.153.95
646,42.219.153.235
646,42.219.152.129
646,42.219.151.226
646,42.219.151.169
646,42.219.149.77
646,42.219.149.217
646,42.219.149.12
646,42.219.148.208
646,42.219.147.252
646,42.219.147.189
646,42.219.147.102
646,42.219.146.180
646,42.219.146.164
646,42.219.145.20
646,42.219.145.115
646,42.219.144.213
646,42.219.144.171
646,42.219.144.158
646,42.219.144.152
645,42.219.158.254
645,42.219.158.215
645,42.219.157.41
645,42.219.155.40
645,42.219.154.58
645,42.219.154.35
645,42.219.154.120
645,42.219.152.191
645,42.219.151.224
645,42.219.151.175
645,42.219.148.203
645,42.219.147.81
645,42.219.147.249
645,42.219.147.135
645,42.219.144.195
644,42.219.159.205
644,42.219.157.69
644,42.219.157.119
644,42.219.154.49
644,42.219.152.130
644,42.219.151.212
644,42.219.149.233
644,42.219.149.172
644,42.219.148.215
644,42.219.148.12
644,42.219.148.119
644,42.219.147.192
644,42.219.146.255
644,42.219.144.130
643,42.219.155.47
643,42.219.151.242
643,42.219.151.211
643,42.219.151.188
643,42.219.149.3
643,42.219.149.25
643,42.219.149.246
643,42.219.148.238
643,42.219.148.2
643,42.219.148.183
643,42.219.147.217
643,42.219.147.171
643,42.219.147.103
643,42.219.146.57
643,42.219.146.232
643,42.219.145.139
643,42.219.144.248
643,42.219.144.235
643,42.219.144.208
643,42.219.144.160
642,42.219.158.168
642,42.219.157.62
642,42.219.157.56
642,42.219.157.116
642,42.219.154.72
642,42.219.154.22
642,42.219.151.214
642,42.219.149.22
642,42.219.149.105
642,42.219.148.52
642,42.219.148.45
642,42.219.147.39
642,42.219.147.206
642,42.219.145.63
642,42.219.145.175
642,42.219.144.178
641,42.219.159.245
641,42.219.159.238
641,42.219.157.68
641,42.219.157.42
641,42.219.154.199
641,42.219.152.163
641,42.219.152.139
641,42.219.149.186
641,42.219.148.231
641,42.219.145.81
641,42.219.145.58
641,42.219.145.47
640,42.219.155.109
640,42.219.151.248
640,42.219.151.147
640,42.219.146.143
640,42.219.145.62
640,42.219.144.247
640,42.219.144.165
639,42.219.159.217
639,42.219.157.60
639,42.219.156.128
639,42.219.155.48
639,42.219.155.39
639,42.219.153.87
639,42.219.153.32
639,42.219.152.172
639,42.219.149.229
639,42.219.148.115
639,42.219.146.62
639,42.219.145.64
639,42.219.145.113
639,42.219.144.231
639,42.219.144.170
638,42.219.159.236
638,42.219.158.138
638,42.219.158.129
638,42.219.157.103
638,42.219.154.42
638,42.219.152.223
638,42.219.151.177
638,42.219.150.185
638,42.219.150.150
638,42.219.147.121
638,42.219.144.217
638,42.219.144.163
637,42.219.157.95
637,42.219.157.58
637,42.219.156.135
637,42.219.155.53
637,42.219.154.84
637,42.219.154.73
637,42.219.154.15
637,42.219.152.152
637,42.219.151.187
637,42.219.151.162
637,42.219.150.212
637,42.219.149.49
637,42.219.149.218
637,42.219.149.193
637,42.219.148.17
637,42.219.148.136
637,42.219.148.101
637,42.219.146.254
637,42.219.146.253
637,42.219.145.96
637,42.219.145.90
637,42.219.145.7
637,42.219.145.68
636,42.219.159.81
636,42.219.159.230
636,42.219.157.117
636,42.219.156.138
636,42.219.153.97
636,42.219.153.50
636,42.219.152.184
636,42.219.152.160
636,42.219.152.154
636,42.219.151.209
636,42.219.151.170
636,42.219.150.187
636,42.219.147.27
636,42.219.145.86
636,42.219.145.77
636,42.219.145.52
636,42.219.145.34
636,42.219.145.33
636,42.219.145.118
636,42.219.144.175
636,42.219.144.161
635,42.219.159.227
635,42.219.156.251
635,42.219.152.194
635,42.219.150.161
635,42.219.149.185
635,42.219.149.164
635,42.219.148.93
635,42.219.148.65
635,42.219.148.58
635,42.219.148.124
635,42.219.148.122
635,42.219.147.31
635,42.219.147.178
635,42.219.147.105
635,42.219.146.183
635,42.219.146.158
635,42.219.145.65
635,42.219.145.37
635,42.219.144.215
634,42.219.159.247
634,42.219.158.139
634,42.219.154.126
634,42.219.152.168
634,42.219.151.197
634,42.219.151.164
634,42.219.150.245
634,42.219.150.239
634,42.219.150.219
634,42.219.150.197
634,42.219.150.184
634,42.219.150.182
634,42.219.149.53
634,42.219.148.98
634,42.219.148.77
634,42.219.148.42
634,42.219.148.4
634,42.219.148.27
634,42.219.145.53
634,42.219.145.14
634,42.219.144.137
633,42.219.159.239
633,42.219.158.136
633,42.219.158.135
633,42.219.156.247
633,42.219.156.106
633,42.219.155.76
633,42.219.155.62
633,42.219.155.54
633,42.219.155.202
633,42.219.155.156
633,42.219.154.47
633,42.219.154.13
633,42.219.153.34
633,42.219.153.232
633,42.219.152.165
633,42.219.151.251
633,42.219.150.232
633,42.219.149.201
633,42.219.149.158
633,42.219.148.79
633,42.219.148.34
633,42.219.148.131
633,42.219.147.208
633,42.219.147.205
633,42.219.146.55
633,42.219.144.185
633,42.219.144.159
633,42.219.144.148
633,42.219.144.139
632,42.219.157.17
632,42.219.157.140
632,42.219.157.112
632,42.219.156.250
632,42.219.151.252
632,42.219.149.165
632,42.219.149.138
632,42.219.148.18
632,42.219.145.79
632,42.219.144.246
631,42.219.158.132
631,42.219.157.93
631,42.219.157.122
631,42.219.156.137
631,42.219.154.9
631,42.219.154.87
631,42.219.154.65
631,42.219.154.38
631,42.219.152.232
631,42.219.152.188
631,42.219.151.217
631,42.219.150.162
631,42.219.150.160
631,42.219.148.30
631,42.219.148.228
631,42.219.148.100
631,42.219.147.70
631,42.219.146.238
631,42.219.145.87
631,42.219.144.199
631,42.219.144.193
631,42.219.144.153
630,42.219.156.192
630,42.219.156.145
630,42.219.154.5
630,42.219.153.201
630,42.219.152.182
630,42.219.150.250
630,42.219.149.220
630,42.219.149.167
630,42.219.149.11
630,42.219.148.201
630,42.219.148.107
630,42.219.147.69
630,42.219.146.137
630,42.219.145.16
630,42.219.144.55
630,42.219.144.229
629,42.219.159.155
629,42.219.156.217
629,42.219.156.150
629,42.219.155.35
629,42.219.155.16
629,42.219.153.22
629,42.219.152.98
629,42.219.152.169
629,42.219.150.230
629,42.219.149.203
629,42.219.149.184
629,42.219.149.134
629,42.219.149.130
629,42.219.148.85
629,42.219.148.175
629,42.219.148.108
629,42.219.147.73
629,42.219.147.37
629,42.219.147.125
629,42.219.147.118
628,42.219.159.233
628,42.219.155.8
628,42.219.155.42
628,42.219.152.221
628,42.219.152.186
628,42.219.151.186
628,42.219.150.242
628,42.219.150.175
628,42.219.149.207
628,42.219.146.225
628,42.219.146.161
628,42.219.146.130
628,42.219.144.187
627,42.219.159.137
627,42.219.157.43
627,42.219.157.114
627,42.219.156.238
627,42.219.154.86
627,42.219.154.48
627,42.219.152.212
627,42.219.151.210
627,42.219.150.195
627,42.219.150.173
627,42.219.150.166
627,42.219.149.251
627,42.219.149.245
627,42.219.149.228
627,42.219.148.8
627,42.219.148.16
627,42.219.147.97
627,42.219.147.38
627,42.219.147.34
627,42.219.146.102
627,42.219.144.94
626,42.219.159.37
626,42.219.159.253
626,42.219.159.146
626,42.219.158.153
626,42.219.157.51
626,42.219.156.147
626,42.219.152.166
626,42.219.149.104
626,42.219.148.76
626,42.219.148.48
626,42.219.148.36
626,42.219.148.19
626,42.219.148.112
626,42.219.147.9
626,42.219.147.116
626,42.219.146.95
626,42.219.146.92
626,42.219.146.134
626,42.219.144.219
626,42.219.144.194
625,42.219.154.64
625,42.219.153.88
625,42.219.152.155
625,42.219.150.229
625,42.219.150.213
625,42.219.148.82
625,42.219.148.80
625,42.219.148.114
625,42.219.146.107
625,42.219.145.2
625,42.219.144.230
625,42.219.144.181
624,42.219.158.201
624,42.219.156.207
624,42.219.155.71
624,42.219.152.141
624,42.219.151.204
624,42.219.150.181
624,42.219.149.215
624,42.219.149.142
624,42.219.148.73
624,42.219.148.64
624,42.219.148.22
624,42.219.148.21
624,42.219.147.46
624,42.219.146.59
624,42.219.145.117
624,42.219.144.169
623,42.219.158.146
623,42.219.157.47
623,42.219.157.31
623,42.219.156.209
623,42.219.152.222
623,42.219.152.215
623,42.219.151.58
623,42.219.151.233
623,42.219.150.243
623,42.219.150.200
623,42.219.148.24
623,42.219.148.104
623,42.219.147.67
623,42.219.146.224
623,42.219.146.138
623,42.219.144.22
623,42.219.144.166
623,42.219.144.128
622,42.219.159.235
622,42.219.157.89
622,42.219.154.41
622,42.219.154.11
622,42.219.152.29
622,42.219.152.231
622,42.219.150.172
622,42.219.150.139
622,42.219.149.135
622,42.219.148.94
622,42.219.148.1
622,42.219.147.77
622,42.219.147.223
622,42.219.147.110
622,42.219.147.104
622,42.219.146.29
622,42.219.146.230
622,42.219.146.109
622,42.219.146.104
622,42.219.145.127
622,42.219.145.11
621,42.219.158.148
621,42.219.157.35
621,42.219.156.181
621,42.219.156.131
621,42.219.155.80
621,42.219.152.164
621,42.219.152.159
621,42.219.151.83
621,42.219.151.219
621,42.219.151.202
621,42.219.149.189
621,42.219.148.37
621,42.219.147.90
621,42.219.147.85
621,42.219.147.79
621,42.219.147.54
621,42.219.146.6
621,42.219.146.152
621,42.219.146.101
621,42.219.144.138
620,42.219.158.241
620,42.219.158.140
620,42.219.157.81
620,42.219.157.72
620,42.219.157.59
620,42.219.156.206
620,42.219.156.168
620,42.219.154.50
620,42.219.154.1
620,42.219.152.43
620,42.219.152.216
620,42.219.152.197
620,42.219.149.131
620,42.219.148.78
620,42.219.148.43
620,42.219.147.75
620,42.219.147.4
620,42.219.147.101
620,42.219.146.82
620,42.219.146.190
620,42.219.146.169
620,42.219.146.154
620,42.219.145.78
620,42.219.144.191
619,42.219.158.232
619,42.219.157.85
619,42.219.157.110
619,42.219.156.174
619,42.219.155.117
619,42.219.154.0
619,42.219.152.144
619,42.219.150.135
619,42.219.149.244
619,42.219.149.128
619,42.219.148.91
619,42.219.148.39
619,42.219.148.31
619,42.219.146.26
619,42.219.145.99
619,42.219.145.74
618,42.219.159.212
618,42.219.157.67
618,42.219.157.111
618,42.219.156.141
618,42.219.156.130
618,42.219.155.55
618,42.219.155.125
618,42.219.155.122
618,42.219.154.79
618,42.219.154.7
618,42.219.152.133
618,42.219.151.232
618,42.219.151.194
618,42.219.149.190
618,42.219.149.179
618,42.219.149.150
618,42.219.147.253
618,42.219.147.188
618,42.219.146.42
618,42.219.146.236
618,42.219.146.178
618,42.219.145.56
618,42.219.145.45
617,42.219.159.150
617,42.219.158.208
617,42.219.158.182
617,42.219.156.234
617,42.219.156.162
617,42.219.155.32
617,42.219.155.14
617,42.219.154.85
617,42.219.152.239
617,42.219.151.236
617,42.219.151.199
617,42.219.151.176
617,42.219.151.148
617,42.219.150.141
617,42.219.149.235
617,42.219.149.163
617,42.219.149.152
617,42.219.148.47
617,42.219.148.3
617,42.219.148.123
617,42.219.147.107
617,42.219.146.97
617,42.219.146.61
617,42.219.146.231
617,42.219.146.113
617,42.219.145.94
617,42.219.145.120
617,42.219.144.252
617,42.219.144.209
617,42.219.144.173
617,42.219.144.167
616,42.219.159.193
616,42.219.158.230
616,42.219.157.76
616,42.219.157.75
616,42.219.157.52
616,42.219.156.170
616,42.219.153.196
616,42.219.152.190
616,42.219.152.137
616,42.219.151.223
616,42.219.150.176
616,42.219.149.29
616,42.219.149.240
616,42.219.149.174
616,42.219.149.151
616,42.219.148.74
616,42.219.148.106
616,42.219.147.25
616,42.219.146.80
616,42.219.146.252
616,42.219.145.73
616,42.219.145.48
616,42.219.145.147
616,42.219.144.224
616,42.219.144.190
615,42.219.157.57
615,42.219.156.155
615,42.219.151.46
615,42.219.151.22
615,42.219.150.220
615,42.219.150.144
615,42.219.149.197
615,42.219.149.154
615,42.219.148.72
615,42.219.148.68
615,42.219.148.11
615,42.219.147.3
615,42.219.146.83
615,42.219.146.76
615,42.219.146.37
615,42.219.146.105
615,42.219.144.236
614,42.219.158.234
614,42.219.158.207
614,42.219.156.191
614,42.219.155.0
614,42.219.152.227
614,42.219.152.151
614,42.219.151.231
614,42.219.150.237
614,42.219.150.228
614,42.219.150.167
614,42.219.150.133
614,42.219.149.70
614,42.219.149.238
614,42.219.149.181
614,42.219.148.33
614,42.219.148.26
614,42.219.148.23
614,42.219.148.120
614,42.219.147.88
614,42.219.147.62
614,42.219.145.32
614,42.219.145.100
614,42.219.144.203
614,42.219.144.133
613,42.219.158.166
613,42.219.157.26
613,42.219.154.74
613,42.219.154.2
613,42.219.152.56
613,42.219.151.180
613,42.219.150.233
613,42.219.150.168
613,42.219.149.222
613,42.219.149.192
613,42.219.149.161
613,42.219.148.96
613,42.219.148.95
613,42.219.148.87
613,42.219.148.59
613,42.219.148.49
613,42.219.148.32
613,42.219.148.127
613,42.219.147.68
613,42.219.146.118
613,42.219.144.243
613,42.219.144.202
612,42.219.159.134
612,42.219.157.94
612,42.219.156.235
612,42.219.156.177
612,42.219.154.81
612,42.219.153.126
612,42.219.151.136
612,42.219.149.219
612,42.219.149.204
612,42.219.149.171
612,42.219.149.162
612,42.219.149.156
612,42.219.149.132
612,42.219.148.9
612,42.219.148.184
612,42.219.147.35
612,42.219.147.29
612,42.219.147.122
612,42.219.146.8
612,42.219.146.79
612,42.219.146.75
612,42.219.146.47
612,42.219.146.248
612,42.219.146.127
612,42.219.145.244
612,42.219.144.50
611,42.219.158.128
611,42.219.157.216
611,42.219.156.49
611,42.219.156.205
611,42.219.153.127
611,42.219.152.234
611,42.219.151.255
611,42.219.151.250
611,42.219.151.25
611,42.219.151.245
611,42.219.151.140
611,42.219.150.226
611,42.219.149.39
611,42.219.149.241
611,42.219.149.224
611,42.219.149.211
611,42.219.148.99
611,42.219.148.6
611,42.219.148.57
611,42.219.147.99
611,42.219.147.64
611,42.219.146.99
611,42.219.145.71
611,42.219.145.216
611,42.219.144.145
610,42.219.159.224
610,42.219.159.215
610,42.219.158.248
610,42.219.158.130
610,42.219.157.98
610,42.219.156.252
610,42.219.156.136
610,42.219.155.24
610,42.219.152.45
610,42.219.152.178
610,42.219.152.177
610,42.219.152.148
610,42.219.152.134
610,42.219.152.128
610,42.219.149.248
610,42.219.149.236
610,42.219.149.176
610,42.219.149.160
610,42.219.149.148
610,42.219.149.144
610,42.219.148.60
610,42.219.148.105
610,42.219.147.41
610,42.219.147.13
610,42.219.146.16
610,42.219.146.159
610,42.219.146.116
610,42.219.145.89
610,42.219.145.206
609,42.219.159.139
609,42.219.156.254
609,42.219.156.154
609,42.219.154.66
609,42.219.151.240
609,42.219.151.128
609,42.219.150.131
609,42.219.149.210
609,42.219.149.202
609,42.219.149.183
609,42.219.149.157
609,42.219.149.149
609,42.219.149.141
609,42.219.148.86
609,42.219.148.61
609,42.219.148.35
609,42.219.148.117
609,42.219.146.33
609,42.219.146.173
609,42.219.145.102
609,42.219.144.143
609,42.219.144.132
608,42.219.158.167
608,42.219.155.38
608,42.219.154.88
608,42.219.154.60
608,42.219.154.127
608,42.219.153.138
608,42.219.151.227
608,42.219.151.191
608,42.219.151.182
608,42.219.151.131
608,42.219.150.50
608,42.219.149.195
608,42.219.149.143
608,42.219.148.29
608,42.219.147.78
608,42.219.146.45
608,42.219.146.205
607,42.219.158.198
607,42.219.158.195
607,42.219.157.158
607,42.219.156.143
607,42.219.155.74
607,42.219.153.19
607,42.219.153.157
607,42.219.152.18
607,42.219.151.138
607,42.219.149.232
607,42.219.149.225
607,42.219.149.216
607,42.219.149.199
607,42.219.149.177
607,42.219.149.166
607,42.219.148.92
607,42.219.148.102
607,42.219.147.23
607,42.219.147.117
607,42.219.147.1
607,42.219.146.84
607,42.219.146.246
607,42.219.146.150
607,42.219.145.3
606,42.219.159.131
606,42.219.158.221
606,42.219.158.185
606,42.219.157.45
606,42.219.155.98
606,42.219.155.15
606,42.219.154.211
606,42.219.152.135
606,42.219.151.253
606,42.219.150.64
606,42.219.150.209
606,42.219.149.252
606,42.219.149.208
606,42.219.149.191
606,42.219.147.91
606,42.219.147.87
606,42.219.147.8
606,42.219.147.30
606,42.219.147.109
606,42.219.146.46
606,42.219.146.19
606,42.219.146.124
606,42.219.145.27
606,42.219.145.101
606,42.219.144.162
605,42.219.158.159
605,42.219.157.54
605,42.219.153.148
605,42.219.151.117
605,42.219.150.218
605,42.219.150.214
605,42.219.150.143
605,42.219.149.221
605,42.219.149.205
605,42.219.149.101
605,42.219.147.95
605,42.219.146.25
605,42.219.146.218
605,42.219.146.17
605,42.219.146.125
605,42.219.144.245
605,42.219.144.134
605,42.219.144.122
604,42.219.159.211
604,42.219.158.88
604,42.219.158.158
604,42.219.157.79
604,42.219.157.120
604,42.219.154.78
604,42.219.153.106
604,42.219.152.245
604,42.219.152.218
604,42.219.152.179
604,42.219.152.125
604,42.219.150.206
604,42.219.149.188
604,42.219.148.44
604,42.219.148.121
604,42.219.147.11
604,42.219.146.98
604,42.219.146.96
604,42.219.146.51
604,42.219.146.20
604,42.219.146.2
604,42.219.145.61
604,42.219.145.43
604,42.219.145.12
604,42.219.144.33
604,42.219.144.131
603,42.219.159.246
603,42.219.159.223
603,42.219.158.155
603,42.219.152.54
603,42.219.152.226
603,42.219.152.192
603,42.219.151.246
603,42.219.151.18
603,42.219.151.173
603,42.219.151.144
603,42.219.151.119
603,42.219.150.225
603,42.219.150.211
603,42.219.149.10
603,42.219.148.125
603,42.219.148.111
603,42.219.147.74
603,42.219.147.65
603,42.219.147.20
603,42.219.147.130
603,42.219.146.63
603,42.219.146.52
603,42.219.146.100
603,42.219.145.246
603,42.219.144.8
602,42.219.159.251
602,42.219.156.183
602,42.219.156.144
602,42.219.155.186
602,42.219.153.188
602,42.219.151.168
602,42.219.150.147
602,42.219.149.253
602,42.219.148.75
602,42.219.148.71
602,42.219.148.70
602,42.219.148.66
602,42.219.148.54
602,42.219.148.38
602,42.219.148.109
602,42.219.147.55
602,42.219.147.42
602,42.219.147.126
602,42.219.146.89
602,42.219.146.81
602,42.219.146.43
602,42.219.146.12
602,42.219.144.221
602,42.219.144.216
601,42.219.159.229
601,42.219.159.156
601,42.219.157.166
601,42.219.157.100
601,42.219.156.176
601,42.219.156.132
601,42.219.155.114
601,42.219.154.195
601,42.219.152.104
601,42.219.151.49
601,42.219.151.159
601,42.219.151.14
601,42.219.150.164
601,42.219.149.198
601,42.219.149.140
601,42.219.147.53
601,42.219.147.10
601,42.219.146.23
601,42.219.146.117
601,42.219.145.6
601,42.219.145.57
601,42.219.145.42
600,42.219.159.145
600,42.219.157.251
600,42.219.156.163
600,42.219.155.211
600,42.219.152.193
600,42.219.151.92
600,42.219.151.79
600,42.219.151.215
600,42.219.150.207
600,42.219.149.255
600,42.219.149.234
600,42.219.149.145
600,42.219.148.84
600,42.219.148.83
600,42.219.148.69
600,42.219.148.41
600,42.219.147.246
600,42.219.147.100
600,42.219.146.41
600,42.219.146.182
599,42.219.157.83
599,42.219.155.236
599,42.219.153.153
599,42.219.151.106
599,42.219.149.200
599,42.219.149.169
599,42.219.148.53
599,42.219.148.20
599,42.219.148.116
599,42.219.147.57
599,42.219.147.115
599,42.219.146.112
599,42.219.145.69
599,42.219.145.183
598,42.219.159.174
598,42.219.159.161
598,42.219.158.233
598,42.219.157.126
598,42.219.151.254
598,42.219.151.206
598,42.219.151.154
598,42.219.149.226
598,42.219.149.212
598,42.219.149.196
598,42.219.148.97
598,42.219.148.67
598,42.219.148.15
598,42.219.148.126
598,42.219.147.83
598,42.219.147.45
598,42.219.147.33
598,42.219.147.32
598,42.219.147.26
598,42.219.147.21
598,42.219.147.108
598,42.219.146.36
598,42.219.146.103
597,42.219.159.234
597,42.219.159.232
597,42.219.157.64
597,42.219.157.244
597,42.219.155.52
597,42.219.154.67
597,42.219.152.75
597,42.219.152.174
597,42.219.151.237
597,42.219.151.149
597,42.219.147.61
597,42.219.147.24
597,42.219.147.12
597,42.219.146.91
597,42.219.146.90
597,42.219.146.56
597,42.219.146.108
597,42.219.146.1
597,42.219.145.176
597,42.219.144.51
596,42.219.159.132
596,42.219.156.159
596,42.219.156.158
596,42.219.156.153
596,42.219.155.136
596,42.219.154.171
596,42.219.154.16
596,42.219.153.51
596,42.219.152.105
596,42.219.151.89
596,42.219.151.66
596,42.219.151.48
596,42.219.151.247
596,42.219.151.146
596,42.219.151.121
596,42.219.151.105
596,42.219.149.175
596,42.219.149.168
596,42.219.149.137
596,42.219.148.7
596,42.219.147.98
596,42.219.147.50
596,42.219.147.5
596,42.219.147.43
596,42.219.147.133
596,42.219.147.119
596,42.219.147.114
596,42.219.146.70
596,42.219.146.44
596,42.219.146.39
596,42.219.146.30
596,42.219.146.187
596,42.219.146.110
596,42.219.145.50
595,42.219.158.192
595,42.219.158.143
595,42.219.157.87
595,42.219.154.31
595,42.219.154.166
595,42.219.151.26
595,42.219.151.165
595,42.219.150.203
595,42.219.149.213
595,42.219.149.147
595,42.219.148.63
595,42.219.148.50
595,42.219.148.14
595,42.219.148.110
595,42.219.147.93
595,42.219.147.7
595,42.219.147.49
595,42.219.145.194
595,42.219.145.142
594,42.219.159.173
594,42.219.159.147
594,42.219.159.144
594,42.219.155.51
594,42.219.152.93
594,42.219.152.83
594,42.219.150.73
594,42.219.149.250
594,42.219.149.247
594,42.219.149.209
594,42.219.149.182
594,42.219.149.155
594,42.219.149.136
594,42.219.147.92
594,42.219.147.63
594,42.219.147.36
594,42.219.147.112
594,42.219.144.66
594,42.219.144.151
593,42.219.157.71
593,42.219.157.189
593,42.219.154.36
593,42.219.154.218
593,42.219.154.215
593,42.219.153.231
593,42.219.150.153
593,42.219.147.0
593,42.219.146.184
593,42.219.145.223
593,42.219.145.185
593,42.219.145.146
593,42.219.144.37
592,42.219.159.248
592,42.219.159.243
592,42.219.158.126
592,42.219.155.201
592,42.219.155.139
592,42.219.154.229
592,42.219.154.161
592,42.219.153.253
592,42.219.151.32
592,42.219.149.249
592,42.219.149.231
592,42.219.148.118
592,42.219.147.82
592,42.219.147.22
592,42.219.146.93
592,42.219.146.65
592,42.219.146.111
592,42.219.145.60
592,42.219.145.35
592,42.219.145.122
592,42.219.144.157
591,42.219.159.254
591,42.219.157.50
591,42.219.157.49
591,42.219.157.232
591,42.219.157.204
591,42.219.156.236
591,42.219.155.225
591,42.219.155.180
591,42.219.153.186
591,42.219.152.58
591,42.219.152.214
591,42.219.151.74
591,42.219.150.63
591,42.219.150.37
591,42.219.150.165
591,42.219.150.157
591,42.219.149.214
591,42.219.147.94
591,42.219.147.76
591,42.219.146.88
591,42.219.146.85
591,42.219.146.78
591,42.219.146.5
591,42.219.146.48
591,42.219.146.3
591,42.219.145.217
591,42.219.145.204
591,42.219.145.195
591,42.219.145.188
591,42.219.145.170
591,42.219.145.164
591,42.219.145.15
591,42.219.144.32
590,42.219.158.76
590,42.219.158.134
590,42.219.157.199
590,42.219.156.222
590,42.219.153.182
590,42.219.151.34
590,42.219.151.118
590,42.219.150.55
590,42.219.149.129
590,42.219.148.89
590,42.219.148.25
590,42.219.148.248
590,42.219.147.96
590,42.219.147.6
590,42.219.147.58
590,42.219.146.73
590,42.219.146.15
590,42.219.146.11
590,42.219.144.44
590,42.219.144.218
590,42.219.144.183
590,42.219.144.121
589,42.219.157.38
589,42.219.156.173
589,42.219.155.142
589,42.219.152.91
589,42.219.151.65
589,42.219.151.193
589,42.219.151.16
589,42.219.151.1
589,42.219.150.52
589,42.219.148.51
589,42.219.148.40
589,42.219.148.113
589,42.219.147.51
589,42.219.147.44
589,42.219.147.113
589,42.219.146.71
589,42.219.146.60
589,42.219.146.53
589,42.219.146.50
589,42.219.146.14
589,42.219.146.119
589,42.219.145.214
589,42.219.145.198
589,42.219.144.155
588,42.219.159.176
588,42.219.157.40
588,42.219.156.42
588,42.219.155.227
588,42.219.155.217
588,42.219.155.101
588,42.219.154.252
588,42.219.151.54
588,42.219.151.0
588,42.219.147.48
588,42.219.147.15
588,42.219.147.14
588,42.219.146.54
588,42.219.146.123
588,42.219.146.122
588,42.219.145.124
588,42.219.144.24
587,42.219.159.169
587,42.219.159.135
587,42.219.158.199
587,42.219.158.150
587,42.219.156.32
587,42.219.156.25
587,42.219.155.246
587,42.219.155.229
587,42.219.155.200
587,42.219.155.148
587,42.219.152.63
587,42.219.151.87
587,42.219.151.76
587,42.219.151.64
587,42.219.151.39
587,42.219.151.190
587,42.219.149.206
587,42.219.146.74
587,42.219.146.40
587,42.219.145.98
586,42.219.159.157
586,42.219.157.245
586,42.219.157.168
586,42.219.156.180
586,42.219.155.58
586,42.219.154.217
586,42.219.154.165
586,42.219.152.86
586,42.219.152.84
586,42.219.152.40
586,42.219.152.102
586,42.219.151.85
586,42.219.151.107
586,42.219.149.243
586,42.219.149.227
586,42.219.149.194
586,42.219.149.133
586,42.219.148.28
586,42.219.147.123
586,42.219.146.18
586,42.219.145.9
586,42.219.145.51
586,42.219.145.220
586,42.219.145.219
586,42.219.145.200
586,42.219.145.141
585,42.219.158.137
585,42.219.157.135
585,42.219.156.60
585,42.219.156.165
585,42.219.154.196
585,42.219.154.140
585,42.219.152.88
585,42.219.152.236
585,42.219.152.147
585,42.219.152.1
585,42.219.151.71
585,42.219.151.113
585,42.219.150.210
585,42.219.149.254
585,42.219.148.62
585,42.219.148.56
585,42.219.148.13
585,42.219.146.86
585,42.219.145.236
585,42.219.145.140
585,42.219.144.75
585,42.219.144.63
585,42.219.144.59
585,42.219.144.38
585,42.219.144.1
584,42.219.159.252
584,42.219.159.184
584,42.219.157.231
584,42.219.157.101
584,42.219.156.70
584,42.219.155.239
584,42.219.155.234
584,42.219.155.226
584,42.219.155.221
584,42.219.154.83
584,42.219.154.221
584,42.219.153.203
584,42.219.152.116
584,42.219.152.108
584,42.219.151.27
584,42.219.150.156
584,42.219.148.55
584,42.219.147.60
584,42.219.147.127
584,42.219.146.67
584,42.219.145.40
584,42.219.145.210
584,42.219.145.201
584,42.219.144.41
584,42.219.144.25
584,42.219.144.109
583,42.219.159.138
583,42.219.157.157
583,42.219.157.139
583,42.219.156.80
583,42.219.155.230
583,42.219.155.214
583,42.219.155.137
583,42.219.151.86
583,42.219.151.73
583,42.219.151.3
583,42.219.150.236
583,42.219.149.230
583,42.219.147.72
583,42.219.147.17
583,42.219.146.120
583,42.219.145.237
583,42.219.145.193
583,42.219.145.191
583,42.219.144.2
583,42.219.144.18
583,42.219.144.123
583,42.219.144.104
582,42.219.159.214
582,42.219.159.126
582,42.219.158.10
582,42.219.157.86
582,42.219.157.118
582,42.219.157.113
582,42.219.156.6
582,42.219.154.213
582,42.219.154.204
582,42.219.154.163
582,42.219.153.161
582,42.219.152.78
582,42.219.152.33
582,42.219.152.213
582,42.219.152.120
582,42.219.151.97
582,42.219.151.114
582,42.219.151.102
582,42.219.150.88
582,42.219.150.57
582,42.219.149.159
582,42.219.149.139
582,42.219.147.84
582,42.219.147.71
582,42.219.147.52
582,42.219.146.94
582,42.219.146.114
582,42.219.145.67
582,42.219.145.229
582,42.219.145.209
582,42.219.145.157
582,42.219.144.43
582,42.219.144.125
582,42.219.144.124
582,42.219.144.119
581,42.219.159.65
581,42.219.159.168
581,42.219.159.167
581,42.219.159.130
581,42.219.158.33
581,42.219.157.250
581,42.219.157.217
581,42.219.157.209
581,42.219.155.253
581,42.219.155.220
581,42.219.154.244
581,42.219.154.209
581,42.219.154.197
581,42.219.154.160
581,42.219.154.137
581,42.219.152.23
581,42.219.152.115
581,42.219.152.111
581,42.219.151.91
581,42.219.151.50
581,42.219.151.47
581,42.219.151.235
581,42.219.151.122
581,42.219.151.112
581,42.219.150.68
581,42.219.150.34
581,42.219.150.117
581,42.219.147.80
581,42.219.147.18
581,42.219.145.165
581,42.219.145.145
581,42.219.144.82
581,42.219.144.244
580,42.219.159.172
580,42.219.158.239
580,42.219.157.173
580,42.219.157.171
580,42.219.155.209
580,42.219.154.235
580,42.219.154.232
580,42.219.153.254
580,42.219.152.74
580,42.219.152.2
580,42.219.152.106
580,42.219.152.103
580,42.219.151.196
580,42.219.147.47
580,42.219.147.28
580,42.219.147.19
580,42.219.146.4
580,42.219.144.68
579,42.219.159.151
579,42.219.158.245
579,42.219.157.238
579,42.219.157.193
579,42.219.157.107
579,42.219.156.127
579,42.219.155.241
579,42.219.155.231
579,42.219.155.184
579,42.219.154.246
579,42.219.154.162
579,42.219.152.89
579,42.219.152.67
579,42.219.151.59
579,42.219.151.33
579,42.219.151.189
579,42.219.151.181
579,42.219.150.125
579,42.219.149.153
579,42.219.148.90
579,42.219.147.40
579,42.219.145.54
579,42.219.145.245
579,42.219.145.212
579,42.219.145.162
579,42.219.144.9
578,42.219.159.250
578,42.219.159.209
578,42.219.156.4
578,42.219.156.220
578,42.219.156.22
578,42.219.156.167
578,42.219.155.223
578,42.219.154.169
578,42.219.152.79
578,42.219.152.52
578,42.219.152.16
578,42.219.152.109
578,42.219.151.95
578,42.219.151.94
578,42.219.151.77
578,42.219.151.35
578,42.219.151.123
578,42.219.150.92
578,42.219.150.79
578,42.219.150.116
578,42.219.149.242
578,42.219.147.59
578,42.219.145.250
578,42.219.145.205
578,42.219.144.72
578,42.219.144.116
577,42.219.158.123
577,42.219.157.159
577,42.219.156.97
577,42.219.155.192
577,42.219.155.173
577,42.219.154.192
577,42.219.152.9
577,42.219.151.69
577,42.219.150.85
577,42.219.150.35
577,42.219.150.174
577,42.219.150.114
577,42.219.146.7
577,42.219.146.64
577,42.219.145.251
577,42.219.145.211
577,42.219.144.61
577,42.219.144.117
576,42.219.157.226
576,42.219.157.219
576,42.219.157.184
576,42.219.156.74
576,42.219.155.245
576,42.219.155.193
576,42.219.154.207
576,42.219.154.200
576,42.219.152.82
576,42.219.152.65
576,42.219.152.119
576,42.219.151.63
576,42.219.151.28
576,42.219.151.108
576,42.219.150.78
576,42.219.150.60
576,42.219.150.38
576,42.219.149.237
576,42.219.149.180
576,42.219.149.170
576,42.219.145.182
576,42.219.145.173
576,42.219.144.69
576,42.219.144.60
576,42.219.144.34
576,42.219.144.113
575,42.219.159.160
575,42.219.157.172
575,42.219.157.142
575,42.219.156.7
575,42.219.156.203
575,42.219.156.166
575,42.219.156.151
575,42.219.155.249
575,42.219.155.235
575,42.219.155.176
575,42.219.154.227
575,42.219.153.217
575,42.219.153.116
575,42.219.151.13
575,42.219.151.104
575,42.219.150.1
575,42.219.146.77
575,42.219.145.5
575,42.219.145.238
575,42.219.145.199
574,42.219.159.226
574,42.219.158.152
574,42.219.157.61
574,42.219.157.177
574,42.219.157.175
574,42.219.157.143
574,42.219.157.131
574,42.219.156.62
574,42.219.156.253
574,42.219.156.139
574,42.219.155.215
574,42.219.155.146
574,42.219.155.138
574,42.219.154.231
574,42.219.154.223
574,42.219.154.222
574,42.219.153.213
574,42.219.153.195
574,42.219.152.81
574,42.219.152.22
574,42.219.151.98
574,42.219.151.53
574,42.219.151.45
574,42.219.151.20
574,42.219.148.10
574,42.219.145.163
574,42.219.144.54
574,42.219.144.118
573,42.219.157.36
573,42.219.157.252
573,42.219.157.187
573,42.219.157.170
573,42.219.156.52
573,42.219.156.219
573,42.219.156.124
573,42.219.156.100
573,42.219.155.222
573,42.219.155.219
573,42.219.155.208
573,42.219.155.198
573,42.219.154.240
573,42.219.153.239
573,42.219.153.224
573,42.219.152.47
573,42.219.151.93
573,42.219.151.42
573,42.219.150.90
573,42.219.150.86
573,42.219.150.6
573,42.219.146.126
573,42.219.145.22
573,42.219.144.57
572,42.219.159.237
572,42.219.157.70
572,42.219.157.55
572,42.219.157.210
572,42.219.157.19
572,42.219.157.174
572,42.219.156.46
572,42.219.156.117
572,42.219.155.174
572,42.219.155.158
572,42.219.155.151
572,42.219.155.150
572,42.219.154.250
572,42.219.154.175
572,42.219.154.136
572,42.219.152.19
572,42.219.151.99
572,42.219.151.36
572,42.219.151.111
572,42.219.150.72
572,42.219.149.146
572,42.219.148.103
572,42.219.146.35
572,42.219.145.168
572,42.219.145.154
572,42.219.144.93
572,42.219.144.91
572,42.219.144.83
572,42.219.144.29
571,42.219.159.240
571,42.219.159.149
571,42.219.158.203
571,42.219.157.46
571,42.219.157.163
571,42.219.156.122
571,42.219.155.251
571,42.219.152.87
571,42.219.152.38
571,42.219.152.35
571,42.219.152.112
571,42.219.151.52
571,42.219.151.30
571,42.219.150.76
571,42.219.150.40
571,42.219.149.173
571,42.219.146.58
571,42.219.146.196
571,42.219.146.121
571,42.219.145.75
571,42.219.145.174
571,42.219.145.169
571,42.219.144.80
571,42.219.144.62
571,42.219.144.250
570,42.219.159.213
570,42.219.158.131
570,42.219.157.37
570,42.219.157.203
570,42.219.157.161
570,42.219.156.118
570,42.219.155.36
570,42.219.155.204
570,42.219.154.208
570,42.219.152.72
570,42.219.152.6
570,42.219.152.5
570,42.219.151.9
570,42.219.150.69
570,42.219.150.41
570,42.219.147.86
570,42.219.146.22
570,42.219.146.106
570,42.219.145.249
570,42.219.145.231
570,42.219.145.133
570,42.219.144.95
570,42.219.144.74
570,42.219.144.106
569,42.219.159.27
569,42.219.159.12
569,42.219.157.73
569,42.219.157.240
569,42.219.157.162
569,42.219.156.38
569,42.219.156.19
569,42.219.156.103
569,42.219.155.240
569,42.219.155.195
569,42.219.155.147
569,42.219.154.193
569,42.219.153.245
569,42.219.153.181
569,42.219.152.96
569,42.219.152.113
569,42.219.151.11
569,42.219.150.74
569,42.219.150.48
569,42.219.150.126
569,42.219.148.88
569,42.219.146.9
569,42.219.145.248
569,42.219.144.65
569,42.219.144.35
568,42.219.159.2
568,42.219.158.28
568,42.219.158.142
568,42.219.157.242
568,42.219.157.167
568,42.219.156.76
568,42.219.156.67
568,42.219.156.12
568,42.219.156.116
568,42.219.156.115
568,42.219.156.104
568,42.219.155.203
568,42.219.155.168
568,42.219.154.254
568,42.219.154.138
568,42.219.153.189
568,42.219.152.50
568,42.219.152.30
568,42.219.151.88
568,42.219.151.100
568,42.219.150.23
568,42.219.146.21
568,42.219.145.221
568,42.219.145.196
568,42.219.145.187
568,42.219.145.172
568,42.219.145.167
568,42.219.145.149
568,42.219.145.136
568,42.219.145.129
568,42.219.144.58
568,42.219.144.48
568,42.219.144.3
568,42.219.144.20
568,42.219.144.17
568,42.219.144.101
567,42.219.157.138
567,42.219.157.133
567,42.219.156.37
567,42.219.156.164
567,42.219.155.252
567,42.219.155.237
567,42.219.155.197
567,42.219.155.172
567,42.219.154.238
567,42.219.154.205
567,42.219.152.95
567,42.219.152.76
567,42.219.152.15
567,42.219.151.57
567,42.219.151.24
567,42.219.151.17
567,42.219.151.124
567,42.219.151.109
567,42.219.150.61
567,42.219.150.51
567,42.219.150.104
567,42.219.146.87
567,42.219.146.28
567,42.219.145.235
567,42.219.145.131
567,42.219.144.79
567,42.219.144.6
567,42.219.144.39
567,42.219.144.19
567,42.219.144.120
566,42.219.159.26
566,42.219.157.183
566,42.219.156.11
566,42.219.155.163
566,42.219.154.167
566,42.219.152.94
566,42.219.152.64
566,42.219.152.51
566,42.219.152.3
566,42.219.152.110
566,42.219.152.107
566,42.219.151.80
566,42.219.151.8
566,42.219.151.43
566,42.219.151.37
566,42.219.151.116
566,42.219.151.103
566,42.219.150.106
566,42.219.147.2
566,42.219.146.68
566,42.219.146.24
566,42.219.145.215
566,42.219.145.161
566,42.219.145.144
566,42.219.145.132
566,42.219.144.73
566,42.219.144.127
565,42.219.158.47
565,42.219.157.202
565,42.219.157.191
565,42.219.157.169
565,42.219.157.147
565,42.219.157.146
565,42.219.156.9
565,42.219.156.31
565,42.219.156.13
565,42.219.155.242
565,42.219.154.234
565,42.219.154.230
565,42.219.154.170
565,42.219.152.14
565,42.219.152.11
565,42.219.151.96
565,42.219.151.126
565,42.219.150.70
565,42.219.150.62
565,42.219.150.49
565,42.219.150.36
565,42.219.150.127
565,42.219.150.118
565,42.219.149.223
565,42.219.146.69
565,42.219.145.218
565,42.219.144.52
565,42.219.144.49
565,42.219.144.28
565,42.219.144.26
565,42.219.144.105
564,42.219.159.34
564,42.219.158.141
564,42.219.158.127
564,42.219.157.44
564,42.219.157.214
564,42.219.157.211
564,42.219.157.186
564,42.219.155.161
564,42.219.154.241
564,42.219.154.139
564,42.219.153.185
564,42.219.152.36
564,42.219.151.90
564,42.219.151.60
564,42.219.151.40
564,42.219.151.4
564,42.219.150.26
564,42.219.147.56
564,42.219.144.98
564,42.219.144.5
564,42.219.144.103
563,42.219.157.218
563,42.219.157.180
563,42.219.157.152
563,42.219.157.134
563,42.219.156.27
563,42.219.156.113
563,42.219.156.10
563,42.219.154.247
563,42.219.153.167
563,42.219.152.114
563,42.219.152.101
563,42.219.151.84
563,42.219.151.15
563,42.219.150.94
563,42.219.150.89
563,42.219.150.80
563,42.219.150.53
563,42.219.150.123
563,42.219.150.119
563,42.219.145.207
562,42.219.159.47
562,42.219.159.255
562,42.219.157.227
562,42.219.157.201
562,42.219.157.195
562,42.219.157.164
562,42.219.156.36
562,42.219.156.30
562,42.219.156.126
562,42.219.155.247
562,42.219.155.206
562,42.219.155.169
562,42.219.155.166
562,42.219.155.165
562,42.219.155.160
562,42.219.155.143
562,42.219.154.228
562,42.219.154.206
562,42.219.154.198
562,42.219.152.80
562,42.219.152.48
562,42.219.152.32
562,42.219.151.78
562,42.219.151.6
562,42.219.151.201
562,42.219.150.29
562,42.219.150.120
562,42.219.145.181
562,42.219.145.180
562,42.219.145.171
562,42.219.145.143
562,42.219.145.135
562,42.219.145.134
562,42.219.144.47
562,42.219.144.46
562,42.219.144.23
562,42.219.144.114
562,42.219.144.100
561,42.219.159.249
561,42.219.159.231
561,42.219.157.194
561,42.219.157.156
561,42.219.156.125
561,42.219.156.109
561,42.219.155.233
561,42.219.155.199
561,42.219.155.175
561,42.219.155.170
561,42.219.154.236
561,42.219.154.233
561,42.219.154.214
561,42.219.153.139
561,42.219.152.99
561,42.219.152.92
561,42.219.152.8
561,42.219.152.70
561,42.219.152.62
561,42.219.152.28
561,42.219.152.26
561,42.219.151.29
561,42.219.150.91
561,42.219.150.77
561,42.219.150.3
561,42.219.150.252
561,42.219.146.115
561,42.219.145.252
561,42.219.144.84
561,42.219.144.110
560,42.219.159.7
560,42.219.159.17
560,42.219.157.197
560,42.219.157.182
560,42.219.157.155
560,42.219.157.153
560,42.219.157.130
560,42.219.157.129
560,42.219.156.75
560,42.219.156.71
560,42.219.156.55
560,42.219.156.21
560,42.219.156.149
560,42.219.156.112
560,42.219.154.249
560,42.219.154.248
560,42.219.152.53
560,42.219.152.49
560,42.219.151.72
560,42.219.151.2
560,42.219.151.127
560,42.219.150.67
560,42.219.146.27
560,42.219.146.13
560,42.219.145.160
560,42.219.145.156
560,42.219.145.152
560,42.219.145.137
560,42.219.144.92
560,42.219.144.71
560,42.219.144.4
559,42.219.159.74
559,42.219.159.204
559,42.219.158.60
559,42.219.156.79
559,42.219.156.57
559,42.219.156.18
559,42.219.156.171
559,42.219.156.114
559,42.219.155.213
559,42.219.155.196
559,42.219.155.157
559,42.219.154.225
559,42.219.154.212
559,42.219.153.175
559,42.219.153.135
559,42.219.152.77
559,42.219.152.41
559,42.219.152.34
559,42.219.152.13
559,42.219.151.7
559,42.219.151.61
559,42.219.151.115
559,42.219.151.10
559,42.219.150.66
559,42.219.150.113
559,42.219.150.107
559,42.219.145.230
559,42.219.145.227
559,42.219.144.96
559,42.219.144.86
559,42.219.144.30
558,42.219.157.255
558,42.219.157.178
558,42.219.156.99
558,42.219.156.65
558,42.219.156.41
558,42.219.156.3
558,42.219.156.28
558,42.219.155.255
558,42.219.155.212
558,42.219.155.205
558,42.219.155.194
558,42.219.154.224
558,42.219.152.60
558,42.219.150.95
558,42.219.150.71
558,42.219.150.7
558,42.219.150.56
558,42.219.150.39
558,42.219.150.30
558,42.219.150.108
558,42.219.146.72
558,42.219.146.66
558,42.219.145.166
558,42.219.144.87
558,42.219.144.14
557,42.219.158.78
557,42.219.157.229
557,42.219.157.190
557,42.219.156.50
557,42.219.156.39
557,42.219.156.29
557,42.219.156.202
557,42.219.156.15
557,42.219.156.111
557,42.219.155.250
557,42.219.155.248
557,42.219.155.162
557,42.219.155.149
557,42.219.154.226
557,42.219.153.228
557,42.219.152.59
557,42.219.152.44
557,42.219.152.25
557,42.219.151.82
557,42.219.151.67
557,42.219.151.120
557,42.219.150.75
557,42.219.150.0
557,42.219.144.85
557,42.219.144.40
557,42.219.144.112
556,42.219.158.3
556,42.219.157.34
556,42.219.157.247
556,42.219.157.192
556,42.219.157.179
556,42.219.157.149
556,42.219.157.141
556,42.219.157.132
556,42.219.156.88
556,42.219.156.35
556,42.219.156.161
556,42.219.155.207
556,42.219.154.253
556,42.219.152.68
556,42.219.152.17
556,42.219.151.70
556,42.219.150.58
556,42.219.150.5
556,42.219.150.21
556,42.219.150.102
556,42.219.146.10
556,42.219.145.179
556,42.219.145.155
556,42.219.144.53
556,42.219.144.21
555,42.219.157.212
555,42.219.157.198
555,42.219.156.98
555,42.219.156.56
555,42.219.156.54
555,42.219.156.17
555,42.219.156.123
555,42.219.155.238
555,42.219.155.130
555,42.219.152.100
555,42.219.151.23
555,42.219.147.16
555,42.219.145.222
555,42.219.145.213
555,42.219.145.197
555,42.219.145.190
555,42.219.145.178
555,42.219.144.89
555,42.219.144.81
555,42.219.144.56
555,42.219.144.115
555,42.219.144.11
555,42.219.144.102
554,42.219.159.136
554,42.219.158.144
554,42.219.158.117
554,42.219.157.128
554,42.219.156.91
554,42.219.156.85
554,42.219.156.84
554,42.219.156.108
554,42.219.154.243
554,42.219.154.201
554,42.219.152.46
554,42.219.152.37
554,42.219.151.38
554,42.219.151.167
554,42.219.151.132
554,42.219.151.101
554,42.219.150.4
554,42.219.148.0
554,42.219.145.203
554,42.219.144.90
554,42.219.144.76
554,42.219.144.64
553,42.219.159.163
553,42.219.158.49
553,42.219.157.207
553,42.219.157.148
553,42.219.156.73
553,42.219.156.24
553,42.219.156.102
553,42.219.155.216
553,42.219.154.255
553,42.219.154.194
553,42.219.151.68
553,42.219.151.55
553,42.219.151.44
553,42.219.151.21
553,42.219.150.82
553,42.219.150.18
553,42.219.150.112
553,42.219.145.189
552,42.219.159.62
552,42.219.159.125
552,42.219.156.105
552,42.219.156.1
552,42.219.154.164
552,42.219.152.66
552,42.219.152.39
552,42.219.151.56
552,42.219.151.5
552,42.219.150.9
552,42.219.150.65
552,42.219.150.44
552,42.219.150.110
552,42.219.145.255
552,42.219.144.78
552,42.219.144.31
552,42.219.144.16
551,42.219.159.44
551,42.219.159.39
551,42.219.158.53
551,42.219.157.137
551,42.219.156.87
551,42.219.156.5
551,42.219.156.249
551,42.219.156.14
551,42.219.154.210
551,42.219.150.99
551,42.219.150.98
551,42.219.150.54
551,42.219.150.45
551,42.219.150.33
551,42.219.150.19
551,42.219.150.14
551,42.219.150.121
551,42.219.150.12
551,42.219.150.11
551,42.219.150.105
551,42.219.150.100
551,42.219.145.228
551,42.219.145.130
551,42.219.144.99
551,42.219.144.42
551,42.219.144.10
550,42.219.158.34
550,42.219.158.193
550,42.219.158.106
550,42.219.157.243
550,42.219.156.95
550,42.219.156.92
550,42.219.156.44
550,42.219.153.249
550,42.219.152.90
550,42.219.152.55
550,42.219.152.0
550,42.219.151.81
550,42.219.151.75
550,42.219.150.83
550,42.219.150.13
550,42.219.145.184
550,42.219.144.67
550,42.219.144.126
549,42.219.159.42
549,42.219.159.38
549,42.219.159.22
549,42.219.159.180
549,42.219.159.100
549,42.219.158.90
549,42.219.158.29
549,42.219.157.237
549,42.219.156.86
549,42.219.156.53
549,42.219.156.107
549,42.219.155.254
549,42.219.155.210
549,42.219.154.237
549,42.219.152.117
549,42.219.151.12
549,42.219.150.81
549,42.219.150.43
549,42.219.145.138
548,42.219.159.5
548,42.219.159.4
548,42.219.157.223
548,42.219.157.196
548,42.219.157.176
548,42.219.157.136
548,42.219.156.77
548,42.219.156.40
548,42.219.154.242
548,42.219.154.220
548,42.219.152.73
548,42.219.152.4
548,42.219.151.41
548,42.219.150.84
548,42.219.150.28
548,42.219.150.122
548,42.219.145.177
548,42.219.145.150
548,42.219.144.107
547,42.219.159.45
547,42.219.159.102
547,42.219.158.154
547,42.219.157.188
547,42.219.157.160
547,42.219.156.83
547,42.219.156.58
547,42.219.156.43
547,42.219.156.119
547,42.219.155.243
547,42.219.155.171
547,42.219.153.247
547,42.219.150.87
547,42.219.150.32
547,42.219.150.103
547,42.219.145.253
547,42.219.145.192
547,42.219.145.153
547,42.219.144.77
547,42.219.144.12
547,42.219.144.111
546,42.219.157.181
546,42.219.157.154
546,42.219.156.59
546,42.219.154.203
546,42.219.153.180
546,42.219.152.7
546,42.219.152.20
546,42.219.152.10
546,42.219.151.125
546,42.219.150.97
546,42.219.150.22
546,42.219.150.109
546,42.219.144.97
545,42.219.159.30
545,42.219.159.20
545,42.219.159.10
545,42.219.158.83
545,42.219.158.82
545,42.219.158.67
545,42.219.158.23
545,42.219.158.147
545,42.219.156.90
545,42.219.156.69
545,42.219.156.120
545,42.219.155.228
545,42.219.153.177
545,42.219.152.250
545,42.219.152.12
545,42.219.151.62
545,42.219.150.42
545,42.219.150.20
545,42.219.150.2
545,42.219.146.31
545,42.219.144.45
544,42.219.159.40
544,42.219.158.94
544,42.219.158.35
544,42.219.157.233
544,42.219.157.165
544,42.219.157.150
544,42.219.156.94
544,42.219.156.93
544,42.219.156.2
544,42.219.151.19
544,42.219.150.93
544,42.219.150.8
544,42.219.150.115
544,42.219.145.254
544,42.219.144.70
544,42.219.144.15
543,42.219.159.72
543,42.219.159.67
543,42.219.159.21
543,42.219.158.93
543,42.219.158.2
543,42.219.158.0
543,42.219.156.8
543,42.219.156.78
543,42.219.155.232
543,42.219.154.57
543,42.219.154.251
543,42.219.152.85
543,42.219.152.118
543,42.219.150.47
542,42.219.159.48
542,42.219.158.4
542,42.219.158.194
542,42.219.158.115
542,42.219.157.151
542,42.219.156.89
542,42.219.156.34
542,42.219.154.168
542,42.219.153.134
542,42.219.152.27
542,42.219.150.111
541,42.219.159.97
541,42.219.159.124
541,42.219.159.11
541,42.219.159.101
541,42.219.157.248
541,42.219.156.72
541,42.219.156.45
541,42.219.156.20
541,42.219.151.110
541,42.219.150.15
541,42.219.145.208
541,42.219.144.88
540,42.219.159.98
540,42.219.159.73
540,42.219.158.58
540,42.219.158.41
540,42.219.156.82
540,42.219.156.63
540,42.219.152.97
539,42.219.159.96
539,42.219.159.70
539,42.219.159.24
539,42.219.158.64
539,42.219.158.26
539,42.219.156.121
539,42.219.155.159
539,42.219.154.216
539,42.219.152.69
538,42.219.159.53
538,42.219.158.57
538,42.219.158.32
538,42.219.158.121
538,42.219.158.1
538,42.219.156.64
538,42.219.156.61
538,42.219.156.51
538,42.219.155.218
538,42.219.152.71
538,42.219.152.24
538,42.219.145.239
538,42.219.145.186
537,42.219.159.0
537,42.219.158.18
537,42.219.158.151
537,42.219.158.120
537,42.219.158.118
537,42.219.157.200
537,42.219.156.48
536,42.219.159.51
536,42.219.159.36
536,42.219.158.72
536,42.219.158.107
536,42.219.156.47
536,42.219.155.134
536,42.219.152.61
536,42.219.150.124
536,42.219.144.108
535,42.219.159.55
535,42.219.159.52
535,42.219.159.32
535,42.219.159.18
535,42.219.159.116
535,42.219.158.71
535,42.219.158.56
535,42.219.158.44
535,42.219.156.26
535,42.219.144.27
534,42.219.159.28
534,42.219.159.16
534,42.219.158.62
534,42.219.158.124
534,42.219.157.185
534,42.219.156.96
534,42.219.156.101
534,42.219.155.244
534,42.219.154.245
534,42.219.150.17
534,42.219.149.239
533,42.219.158.65
533,42.219.158.61
533,42.219.158.5
533,42.219.158.42
533,42.219.158.125
533,42.219.158.12
533,42.219.157.224
533,42.219.156.81
533,42.219.156.68
533,42.219.156.0
533,42.219.150.10
532,42.219.159.50
532,42.219.159.23
532,42.219.159.13
532,42.219.158.6
532,42.219.158.51
532,42.219.158.50
532,42.219.158.197
532,42.219.158.116
532,42.219.158.108
532,42.219.152.21
532,42.219.150.59
531,42.219.159.9
531,42.219.158.97
531,42.219.158.89
531,42.219.158.75
531,42.219.158.45
531,42.219.158.24
531,42.219.158.11
530,42.219.159.99
530,42.219.159.60
530,42.219.159.54
530,42.219.159.43
530,42.219.159.33
530,42.219.159.109
530,42.219.158.52
530,42.219.158.30
530,42.219.158.113
530,42.219.150.24
529,42.219.159.244
529,42.219.158.25
528,42.219.159.111
528,42.219.158.80
528,42.219.158.48
528,42.219.158.37
528,42.219.157.228
527,42.219.159.58
527,42.219.159.46
527,42.219.159.123
527,42.219.158.95
527,42.219.158.59
526,42.219.159.75
526,42.219.159.57
526,42.219.158.55
526,42.219.158.15
526,42.219.158.110
526,42.219.158.104
526,42.219.156.23
526,42.219.156.110
526,42.219.150.96
525,42.219.159.41
525,42.219.159.35
525,42.219.158.14
525,42.219.150.46
524,42.219.159.79
524,42.219.159.6
524,42.219.159.29
524,42.219.159.108
524,42.219.158.98
524,42.219.158.7
524,42.219.144.7
523,42.219.158.73
522,42.219.158.8
522,42.219.158.19
522,42.219.150.31
521,42.219.159.78
521,42.219.159.77
521,42.219.159.110
521,42.219.158.84
521,42.219.158.81
521,42.219.155.224
520,42.219.158.85
520,42.219.158.69
520,42.219.158.103
520,42.219.158.101
519,42.219.159.19
519,42.219.158.9
519,42.219.158.20
519,42.219.158.105
519,42.219.156.66
518,42.219.158.74
518,42.219.158.27
518,42.219.153.3
517,42.219.158.77
517,42.219.158.63
517,42.219.158.114
517,42.219.158.112
516,42.219.159.25
516,42.219.159.1
516,42.219.158.102
516,42.219.156.16
515,42.219.158.92
515,42.219.158.66
515,42.219.158.54
515,42.219.158.119
515,42.219.151.31
514,42.219.159.8
514,42.219.159.14
514,42.219.159.113
514,42.219.158.79
514,42.219.158.68
514,42.219.158.46
514,42.219.158.39
513,42.219.159.3
513,42.219.158.38
513,42.219.157.3
512,42.219.158.96
512,42.219.158.36
511,42.219.158.91
510,42.219.158.122
510,42.219.158.111
508,42.219.159.15
508,42.219.153.255
507,42.219.157.239
506,42.219.158.43
506,42.219.158.109
506,42.219.158.100
505,42.219.158.40
504,42.219.158.99
504,42.219.158.22
503,42.219.158.70
502,42.219.158.87
501,42.219.158.86
501,42.219.152.31
500,42.219.159.117
500,42.219.158.17
498,42.219.158.16
498,42.219.158.13
497,42.219.158.21
496,42.219.154.239
490,42.219.144.0
489,42.219.150.16
479,42.219.159.31
455,42.219.158.31
196,42.219.248.36
175,42.219.254.121
164,42.219.41.119
152,42.219.243.110
139,42.219.248.230
122,42.219.226.74
113,42.219.253.227
96,42.219.254.16
86,42.219.241.82
77,42.219.246.183
76,42.219.41.116
76,42.219.248.199
74,42.219.243.60
66,42.219.255.71
64,42.219.240.248
62,42.219.252.55
56,42.219.242.206
54,42.219.249.221
42,42.219.240.144
40,42.219.243.62
38,42.219.206.141
37,42.219.252.122
36,42.219.43.168
31,42.219.255.228
31,42.219.243.247
29,42.219.128.119
28,42.219.241.134
26,42.219.204.178
24,42.219.250.119
22,42.219.250.206
22,42.219.188.222
20,42.219.254.7
19,42.219.242.42
16,42.219.246.181
13,42.219.224.68
12,42.219.41.101
12,42.219.225.17
11,42.219.19.165
9,42.219.43.64
8,42.219.84.62
8,42.219.248.106
6,42.219.252.47
6,42.219.251.163
6,42.219.248.186
6,42.219.242.217
6,42.219.226.169
6,42.219.222.134
6,42.219.204.161
5,42.219.255.21
5,42.219.241.79
4,42.219.43.235
4,42.219.43.212
4,42.219.43.186
4,42.219.41.118
4,42.219.206.118
4,42.219.104.14
3,42.219.96.179
3,42.219.252.194
3,42.219.252.14
3,42.219.249.131
3,42.219.186.136
2,42.219.95.238
2,42.219.95.225
2,42.219.79.42
2,42.219.79.35
2,42.219.75.25
2,42.219.74.134
2,42.219.71.79
2,42.219.67.225
2,42.219.43.99
2,42.219.43.112
2,42.219.43.104
2,42.219.253.89
2,42.219.251.244
2,42.219.251.16
2,42.219.249.133
2,42.219.248.29
2,42.219.242.35
2,42.219.242.223
2,42.219.233.81
2,42.219.230.178
2,42.219.204.168
2,42.219.20.253
2,42.219.20.157
2,42.219.20.132
2,42.219.179.145
2,42.219.137.13
2,42.219.100.132
1,42.219.97.44
1,42.219.97.120
1,42.219.96.203
1,42.219.94.219
1,42.219.89.3
1,42.219.89.17
1,42.219.88.39
1,42.219.88.30
1,42.219.87.57
1,42.219.86.136
1,42.219.85.204
1,42.219.84.36
1,42.219.84.12
1,42.219.8.255
1,42.219.78.211
1,42.219.77.78
1,42.219.76.205
1,42.219.75.116
1,42.219.73.124
1,42.219.72.152
1,42.219.71.92
1,42.219.71.56
1,42.219.68.85
1,42.219.68.21
1,42.219.62.225
1,42.219.62.200
1,42.219.61.17
1,42.219.61.125
1,42.219.60.24
1,42.219.58.208
1,42.219.58.158
1,42.219.58.132
1,42.219.57.34
1,42.219.57.2
1,42.219.56.183
1,42.219.54.242
1,42.219.52.114
1,42.219.51.90
1,42.219.50.185
1,42.219.5.25
1,42.219.47.14
1,42.219.47.118
1,42.219.44.177
1,42.219.44.148
1,42.219.41.89
1,42.219.41.43
1,42.219.41.0
1,42.219.4.9
1,42.219.4.71
1,42.219.4.63
1,42.219.4.110
1,42.219.39.86
1,42.219.39.85
1,42.219.38.243
1,42.219.38.141
1,42.219.36.10
1,42.219.35.29
1,42.219.34.30
1,42.219.33.9
1,42.219.33.37
1,42.219.32.28
1,42.219.32.11
1,42.219.31.9
1,42.219.31.65
1,42.219.3.7
1,42.219.3.61
1,42.219.29.76
1,42.219.29.64
1,42.219.29.31
1,42.219.28.81
1,42.219.28.80
1,42.219.26.164
1,42.219.254.150
1,42.219.253.4
1,42.219.252.27
1,42.219.251.99
1,42.219.250.236
1,42.219.247.171
1,42.219.244.226
1,42.219.244.135
1,42.219.240.131
1,42.219.24.140
1,42.219.236.16
1,42.219.235.203
1,42.219.234.164
1,42.219.232.36
1,42.219.23.214
1,42.219.23.213
1,42.219.23.208
1,42.219.23.173
1,42.219.229.79
1,42.219.227.16
1,42.219.226.96
1,42.219.226.85
1,42.219.226.18
1,42.219.226.126
1,42.219.221.113
1,42.219.22.179
1,42.219.217.57
1,42.219.216.253
1,42.219.216.227
1,42.219.216.143
1,42.219.215.3
1,42.219.215.13
1,42.219.215.114
1,42.219.215.100
1,42.219.212.93
1,42.219.212.76
1,42.219.212.63
1,42.219.212.18
1,42.219.212.102
1,42.219.211.111
1,42.219.210.57
1,42.219.208.88
1,42.219.206.242
1,42.219.205.0
1,42.219.203.40
1,42.219.201.73
1,42.219.201.34
1,42.219.200.232
1,42.219.200.147
1,42.219.20.196
1,42.219.20.155
1,42.219.2.173
1,42.219.2.157
1,42.219.199.14
1,42.219.198.181
1,42.219.197.110
1,42.219.192.203
1,42.219.190.219
1,42.219.189.79
1,42.219.186.218
1,42.219.185.254
1,42.219.183.68
1,42.219.180.201
1,42.219.18.110
1,42.219.179.151
1,42.219.173.92
1,42.219.172.208
1,42.219.172.178
1,42.219.172.134
1,42.219.170.190
1,42.219.170.131
1,42.219.169.191
1,42.219.169.141
1,42.219.167.101
1,42.219.166.147
1,42.219.166.141
1,42.219.165.111
1,42.219.162.88
1,42.219.162.83
1,42.219.162.13
1,42.219.161.13
1,42.219.143.24
1,42.219.143.107
1,42.219.142.151
1,42.219.140.191
1,42.219.14.205
1,42.219.139.97
1,42.219.139.64
1,42.219.139.44
1,42.219.136.196
1,42.219.135.33
1,42.219.134.177
1,42.219.133.78
1,42.219.133.18
1,42.219.131.89
1,42.219.130.81
1,42.219.13.28
1,42.219.129.72
1,42.219.127.250
1,42.219.127.212
1,42.219.127.175
1,42.219.126.149
1,42.219.125.77
1,42.219.125.76
1,42.219.125.125
1,42.219.124.80
1,42.219.120.189
1,42.219.12.242
1,42.219.12.221
1,42.219.12.189
1,42.219.119.84
1,42.219.119.100
1,42.219.118.128
1,42.219.117.247
1,42.219.117.196
1,42.219.117.180
1,42.219.115.215
1,42.219.114.222
1,42.219.114.154
1,42.219.112.161
1,42.219.110.203
1,42.219.110.174
1,42.219.110.135
1,42.219.109.22
1,42.219.109.116
1,42.219.109.103
1,42.219.107.210
1,42.219.107.206
1,42.219.103.182
1,42.219.1.90
1,42.219.0.158
