occurrence,ip
81099,42.219.159.221
78562,42.219.159.179
19270,42.219.159.182
5051,42.219.159.186
4081,42.219.170.246
3871,42.219.159.199
3102,42.219.159.171
2221,42.219.159.195
2156,42.219.159.76
1881,42.219.159.118
1587,42.219.159.170
228,42.219.159.95
137,42.219.158.160
125,42.219.153.7
113,42.219.254.121
113,42.219.154.128
108,42.219.243.110
107,42.219.248.230
98,42.219.248.36
82,42.219.41.119
76,42.219.253.227
76,42.219.153.128
64,42.219.153.168
61,42.219.226.74
60,42.219.153.147
52,42.219.153.62
51,42.219.154.100
48,42.219.254.16
47,42.219.241.82
46,42.219.243.60
39,42.219.246.183
38,42.219.41.116
38,42.219.248.199
34,42.219.243.62
34,42.219.159.190
34,42.219.156.211
33,42.219.255.71
33,42.219.153.136
32,42.219.240.248
31,42.219.252.55
30,42.219.242.206
29,42.219.159.94
29,42.219.128.119
28,42.219.152.249
26,42.219.249.221
26,42.219.154.114
25,42.219.153.21
24,42.219.243.247
23,42.219.159.194
19,42.219.43.168
19,42.219.252.122
19,42.219.206.141
18,42.219.240.144
17,42.219.159.85
16,42.219.255.228
15,42.219.153.89
14,42.219.241.134
14,42.219.159.164
13,42.219.204.178
13,42.219.158.255
13,42.219.154.132
12,42.219.250.206
12,42.219.250.119
12,42.219.145.18
11,42.219.254.7
11,42.219.188.222
11,42.219.158.218
11,42.219.153.72
10,42.219.242.42
10,42.219.159.191
10,42.219.159.185
10,42.219.145.88
10,42.219.145.202
9,42.219.153.76
8,42.219.246.181
8,42.219.225.17
8,42.219.153.240
7,42.219.224.68
6,42.219.43.64
6,42.219.41.101
6,42.219.222.134
6,42.219.19.165
5,42.219.159.141
5,42.219.157.246
5,42.219.157.235
5,42.219.157.213
5,42.219.154.135
5,42.219.145.226
4,42.219.84.62
4,42.219.252.47
4,42.219.248.106
4,42.219.241.79
4,42.219.158.165
4,42.219.155.56
4,42.219.154.129
4,42.219.154.116
4,42.219.154.105
4,42.219.153.199
3,42.219.96.179
3,42.219.255.21
3,42.219.251.163
3,42.219.248.186
3,42.219.242.217
3,42.219.226.169
3,42.219.204.161
3,42.219.159.140
3,42.219.159.133
3,42.219.158.226
3,42.219.155.107
3,42.219.155.102
3,42.219.154.101
3,42.219.153.45
3,42.219.153.26
3,42.219.153.149
3,42.219.145.242
2,42.219.43.235
2,42.219.43.212
2,42.219.43.186
2,42.219.41.118
2,42.219.252.194
2,42.219.249.131
2,42.219.206.118
2,42.219.159.88
2,42.219.159.69
2,42.219.159.166
2,42.219.158.191
2,42.219.156.239
2,42.219.156.226
2,42.219.154.96
2,42.219.154.149
2,42.219.154.119
2,42.219.153.14
2,42.219.145.158
2,42.219.104.14
1,42.219.95.238
1,42.219.95.225
1,42.219.85.204
1,42.219.79.42
1,42.219.79.35
1,42.219.75.25
1,42.219.74.134
1,42.219.67.225
1,42.219.43.99
1,42.219.43.112
1,42.219.43.104
1,42.219.253.89
1,42.219.252.27
1,42.219.252.14
1,42.219.251.244
1,42.219.251.16
1,42.219.250.236
1,42.219.249.133
1,42.219.248.29
1,42.219.242.35
1,42.219.242.223
1,42.219.233.81
1,42.219.230.178
1,42.219.226.85
1,42.219.204.168
1,42.219.20.253
1,42.219.20.157
1,42.219.20.132
1,42.219.186.136
1,42.219.179.145
1,42.219.159.93
1,42.219.159.91
1,42.219.159.90
1,42.219.159.89
1,42.219.159.87
1,42.219.159.84
1,42.219.159.83
1,42.219.159.82
1,42.219.159.80
1,42.219.159.70
1,42.219.159.68
1,42.219.159.65
1,42.219.159.64
1,42.219.159.254
1,42.219.159.242
1,42.219.159.226
1,42.219.159.220
1,42.219.159.219
1,42.219.159.210
1,42.219.159.208
1,42.219.159.207
1,42.219.159.206
1,42.219.159.203
1,42.219.159.202
1,42.219.159.201
1,42.219.159.200
1,42.219.159.198
1,42.219.159.197
1,42.219.159.196
1,42.219.159.192
1,42.219.159.188
1,42.219.159.183
1,42.219.159.181
1,42.219.159.142
1,42.219.159.129
1,42.219.159.128
1,42.219.159.122
1,42.219.159.120
1,42.219.158.253
1,42.219.158.251
1,42.219.158.250
1,42.219.158.249
1,42.219.158.247
1,42.219.158.246
1,42.219.158.244
1,42.219.158.243
1,42.219.158.242
1,42.219.158.240
1,42.219.158.238
1,42.219.158.236
1,42.219.158.235
1,42.219.158.231
1,42.219.158.229
1,42.219.158.227
1,42.219.158.225
1,42.219.158.224
1,42.219.158.223
1,42.219.158.222
1,42.219.158.220
1,42.219.158.219
1,42.219.158.217
1,42.219.158.216
1,42.219.158.214
1,42.219.158.213
1,42.219.158.212
1,42.219.158.211
1,42.219.158.210
1,42.219.158.209
1,42.219.158.206
1,42.219.158.205
1,42.219.158.204
1,42.219.158.202
1,42.219.158.200
1,42.219.158.196
1,42.219.158.190
1,42.219.158.189
1,42.219.158.188
1,42.219.158.186
1,42.219.158.183
1,42.219.158.181
1,42.219.158.180
1,42.219.158.179
1,42.219.158.178
1,42.219.158.177
1,42.219.158.176
1,42.219.158.175
1,42.219.158.174
1,42.219.158.173
1,42.219.158.172
1,42.219.158.170
1,42.219.158.169
1,42.219.158.164
1,42.219.158.163
1,42.219.158.162
1,42.219.158.161
1,42.219.158.157
1,42.219.158.156
1,42.219.157.9
1,42.219.157.8
1,42.219.157.7
1,42.219.157.6
1,42.219.157.5
1,42.219.157.4
1,42.219.157.31
1,42.219.157.30
1,42.219.157.29
1,42.219.157.28
1,42.219.157.27
1,42.219.157.26
1,42.219.157.254
1,42.219.157.253
1,42.219.157.25
1,42.219.157.245
1,42.219.157.24
1,42.219.157.236
1,42.219.157.234
1,42.219.157.232
1,42.219.157.23
1,42.219.157.222
1,42.219.157.221
1,42.219.157.22
1,42.219.157.217
1,42.219.157.215
1,42.219.157.21
1,42.219.157.206
1,42.219.157.205
1,42.219.157.2
1,42.219.157.15
1,42.219.157.145
1,42.219.157.14
1,42.219.157.13
1,42.219.157.12
1,42.219.157.11
1,42.219.157.10
1,42.219.157.1
1,42.219.157.0
1,42.219.156.248
1,42.219.156.246
1,42.219.156.245
1,42.219.156.241
1,42.219.156.240
1,42.219.156.237
1,42.219.156.233
1,42.219.156.232
1,42.219.156.231
1,42.219.156.230
1,42.219.156.229
1,42.219.156.228
1,42.219.156.227
1,42.219.156.223
1,42.219.156.215
1,42.219.156.214
1,42.219.156.213
1,42.219.156.212
1,42.219.156.210
1,42.219.156.199
1,42.219.156.198
1,42.219.156.197
1,42.219.156.196
1,42.219.156.195
1,42.219.156.194
1,42.219.156.193
1,42.219.156.185
1,42.219.156.184
1,42.219.155.97
1,42.219.155.95
1,42.219.155.94
1,42.219.155.92
1,42.219.155.91
1,42.219.155.90
1,42.219.155.89
1,42.219.155.88
1,42.219.155.87
1,42.219.155.86
1,42.219.155.85
1,42.219.155.83
1,42.219.155.82
1,42.219.155.81
1,42.219.155.79
1,42.219.155.78
1,42.219.155.77
1,42.219.155.75
1,42.219.155.72
1,42.219.155.69
1,42.219.155.68
1,42.219.155.66
1,42.219.155.65
1,42.219.155.64
1,42.219.155.60
1,42.219.155.6
1,42.219.155.59
1,42.219.155.57
1,42.219.155.5
1,42.219.155.4
1,42.219.155.30
1,42.219.155.3
1,42.219.155.29
1,42.219.155.27
1,42.219.155.26
1,42.219.155.23
1,42.219.155.22
1,42.219.155.21
1,42.219.155.20
1,42.219.155.2
1,42.219.155.191
1,42.219.155.190
1,42.219.155.19
1,42.219.155.189
1,42.219.155.188
1,42.219.155.187
1,42.219.155.185
1,42.219.155.183
1,42.219.155.182
1,42.219.155.181
1,42.219.155.179
1,42.219.155.178
1,42.219.155.177
1,42.219.155.167
1,42.219.155.164
1,42.219.155.155
1,42.219.155.154
1,42.219.155.152
1,42.219.155.145
1,42.219.155.142
1,42.219.155.141
1,42.219.155.140
1,42.219.155.135
1,42.219.155.133
1,42.219.155.132
1,42.219.155.131
1,42.219.155.13
1,42.219.155.129
1,42.219.155.128
1,42.219.155.123
1,42.219.155.12
1,42.219.155.119
1,42.219.155.116
1,42.219.155.115
1,42.219.155.113
1,42.219.155.111
1,42.219.155.11
1,42.219.155.106
1,42.219.155.105
1,42.219.155.104
1,42.219.155.103
1,42.219.155.100
1,42.219.155.10
1,42.219.155.1
1,42.219.154.99
1,42.219.154.98
1,42.219.154.97
1,42.219.154.63
1,42.219.154.62
1,42.219.154.56
1,42.219.154.55
1,42.219.154.54
1,42.219.154.45
1,42.219.154.44
1,42.219.154.202
1,42.219.154.20
1,42.219.154.191
1,42.219.154.190
1,42.219.154.19
1,42.219.154.189
1,42.219.154.188
1,42.219.154.187
1,42.219.154.186
1,42.219.154.185
1,42.219.154.184
1,42.219.154.183
1,42.219.154.182
1,42.219.154.181
1,42.219.154.180
1,42.219.154.18
1,42.219.154.179
1,42.219.154.178
1,42.219.154.177
1,42.219.154.176
1,42.219.154.173
1,42.219.154.172
1,42.219.154.159
1,42.219.154.158
1,42.219.154.157
1,42.219.154.156
1,42.219.154.155
1,42.219.154.154
1,42.219.154.153
1,42.219.154.152
1,42.219.154.151
1,42.219.154.150
1,42.219.154.148
1,42.219.154.147
1,42.219.154.146
1,42.219.154.145
1,42.219.154.144
1,42.219.154.143
1,42.219.154.142
1,42.219.154.141
1,42.219.154.134
1,42.219.154.133
1,42.219.154.131
1,42.219.154.130
1,42.219.154.125
1,42.219.154.124
1,42.219.154.123
1,42.219.154.122
1,42.219.154.121
1,42.219.154.118
1,42.219.154.117
1,42.219.154.115
1,42.219.154.113
1,42.219.154.111
1,42.219.154.110
1,42.219.154.109
1,42.219.154.108
1,42.219.154.107
1,42.219.154.106
1,42.219.154.104
1,42.219.154.103
1,42.219.154.102
1,42.219.153.99
1,42.219.153.98
1,42.219.153.96
1,42.219.153.95
1,42.219.153.94
1,42.219.153.93
1,42.219.153.92
1,42.219.153.91
1,42.219.153.90
1,42.219.153.9
1,42.219.153.88
1,42.219.153.86
1,42.219.153.85
1,42.219.153.84
1,42.219.153.83
1,42.219.153.82
1,42.219.153.81
1,42.219.153.80
1,42.219.153.8
1,42.219.153.79
1,42.219.153.78
1,42.219.153.77
1,42.219.153.75
1,42.219.153.74
1,42.219.153.73
1,42.219.153.71
1,42.219.153.70
1,42.219.153.69
1,42.219.153.68
1,42.219.153.67
1,42.219.153.66
1,42.219.153.65
1,42.219.153.64
1,42.219.153.63
1,42.219.153.61
1,42.219.153.60
1,42.219.153.6
1,42.219.153.59
1,42.219.153.58
1,42.219.153.57
1,42.219.153.55
1,42.219.153.54
1,42.219.153.53
1,42.219.153.52
1,42.219.153.5
1,42.219.153.49
1,42.219.153.48
1,42.219.153.47
1,42.219.153.46
1,42.219.153.44
1,42.219.153.43
1,42.219.153.41
1,42.219.153.40
1,42.219.153.4
1,42.219.153.39
1,42.219.153.38
1,42.219.153.37
1,42.219.153.36
1,42.219.153.35
1,42.219.153.34
1,42.219.153.33
1,42.219.153.31
1,42.219.153.30
1,42.219.153.28
1,42.219.153.27
1,42.219.153.254
1,42.219.153.252
1,42.219.153.251
1,42.219.153.250
1,42.219.153.25
1,42.219.153.248
1,42.219.153.246
1,42.219.153.244
1,42.219.153.243
1,42.219.153.242
1,42.219.153.241
1,42.219.153.24
1,42.219.153.238
1,42.219.153.237
1,42.219.153.236
1,42.219.153.235
1,42.219.153.234
1,42.219.153.233
1,42.219.153.232
1,42.219.153.230
1,42.219.153.23
1,42.219.153.229
1,42.219.153.227
1,42.219.153.226
1,42.219.153.225
1,42.219.153.223
1,42.219.153.222
1,42.219.153.221
1,42.219.153.220
1,42.219.153.219
1,42.219.153.218
1,42.219.153.216
1,42.219.153.215
1,42.219.153.214
1,42.219.153.212
1,42.219.153.211
1,42.219.153.210
1,42.219.153.209
1,42.219.153.208
1,42.219.153.207
1,42.219.153.206
1,42.219.153.205
1,42.219.153.204
1,42.219.153.202
1,42.219.153.201
1,42.219.153.200
1,42.219.153.2
1,42.219.153.198
1,42.219.153.197
1,42.219.153.196
1,42.219.153.194
1,42.219.153.193
1,42.219.153.192
1,42.219.153.191
1,42.219.153.190
1,42.219.153.187
1,42.219.153.186
1,42.219.153.184
1,42.219.153.18
1,42.219.153.179
1,42.219.153.178
1,42.219.153.176
1,42.219.153.174
1,42.219.153.173
1,42.219.153.172
1,42.219.153.171
1,42.219.153.170
1,42.219.153.17
1,42.219.153.169
1,42.219.153.167
1,42.219.153.166
1,42.219.153.165
1,42.219.153.164
1,42.219.153.163
1,42.219.153.162
1,42.219.153.161
1,42.219.153.160
1,42.219.153.16
1,42.219.153.159
1,42.219.153.158
1,42.219.153.156
1,42.219.153.155
1,42.219.153.154
1,42.219.153.153
1,42.219.153.152
1,42.219.153.151
1,42.219.153.150
1,42.219.153.15
1,42.219.153.148
1,42.219.153.146
1,42.219.153.145
1,42.219.153.143
1,42.219.153.142
1,42.219.153.141
1,42.219.153.140
1,42.219.153.137
1,42.219.153.133
1,42.219.153.132
1,42.219.153.131
1,42.219.153.130
1,42.219.153.13
1,42.219.153.129
1,42.219.153.125
1,42.219.153.124
1,42.219.153.123
1,42.219.153.122
1,42.219.153.121
1,42.219.153.120
1,42.219.153.12
1,42.219.153.119
1,42.219.153.118
1,42.219.153.117
1,42.219.153.115
1,42.219.153.114
1,42.219.153.113
1,42.219.153.112
1,42.219.153.111
1,42.219.153.11
1,42.219.153.109
1,42.219.153.108
1,42.219.153.107
1,42.219.153.105
1,42.219.153.104
1,42.219.153.103
1,42.219.153.102
1,42.219.153.101
1,42.219.153.100
1,42.219.153.10
1,42.219.153.1
1,42.219.153.0
1,42.219.152.29
1,42.219.152.255
1,42.219.152.254
1,42.219.152.251
1,42.219.152.248
1,42.219.152.247
1,42.219.152.246
1,42.219.152.242
1,42.219.152.241
1,42.219.152.240
1,42.219.152.238
1,42.219.152.233
1,42.219.152.229
1,42.219.152.211
1,42.219.152.210
1,42.219.152.209
1,42.219.152.207
1,42.219.152.206
1,42.219.152.205
1,42.219.152.204
1,42.219.152.203
1,42.219.152.202
1,42.219.152.201
1,42.219.152.200
1,42.219.152.146
1,42.219.152.127
1,42.219.152.126
1,42.219.152.124
1,42.219.152.123
1,42.219.152.122
1,42.219.152.121
1,42.219.151.134
1,42.219.150.253
1,42.219.145.70
1,42.219.145.25
1,42.219.145.247
1,42.219.145.243
1,42.219.145.241
1,42.219.145.240
1,42.219.145.234
1,42.219.145.225
1,42.219.145.224
1,42.219.145.19
1,42.219.145.17
1,42.219.145.159
1,42.219.145.151
1,42.219.145.148
1,42.219.145.125
1,42.219.145.119
1,42.219.145.114
1,42.219.145.110
1,42.219.137.13
1,42.219.100.132
