te,td,sa,da,sp,dp,pr,flg,fwd,stos,pkt,byt,lable
2016-04-11 00:05:49,0.0,164.225.245.79,42.219.147.238,12200,55002,TCP,....S.,0,72,1,40,background
2016-04-11 00:06:31,0.0,176.116.195.149,42.219.147.238,5185,5074,UDP,.A....,0,40,1,441,background
2016-04-11 00:07:56,0.0,198.132.37.185,42.219.147.238,12902,520,UDP,.A....,0,40,1,52,background
2016-04-11 00:13:42,3.056,220.239.159.164,42.219.147.238,50639,23,TCP,....S.,0,40,2,104,background
2016-04-11 00:16:00,0.0,246.183.3.40,42.219.147.238,49597,3306,TCP,....S.,0,40,1,40,background
2016-04-11 00:18:20,0.0,204.223.22.109,42.219.147.238,46681,5003,TCP,....S.,0,0,1,40,background
2016-04-11 00:21:51,0.0,42.9.7.17,42.219.147.238,4941,445,TCP,....S.,0,72,1,48,background
2016-04-11 00:23:05,0.0,176.116.195.149,42.219.147.238,5218,5075,UDP,.A....,0,40,1,441,background
2016-04-11 00:25:10,0.0,165.202.36.149,42.219.147.238,45278,8080,TCP,....S.,0,0,1,40,background
2016-04-11 00:25:29,0.0,82.7.67.216,42.219.147.238,33708,1604,TCP,....S.,0,0,1,40,background
2016-04-11 00:26:33,0.0,44.127.83.218,42.219.147.238,41046,23,TCP,....S.,0,72,1,52,background
2016-04-11 00:27:24,0.0,33.12.117.59,42.219.147.238,5484,5580,UDP,.A....,0,0,1,442,background
2016-04-11 00:28:10,0.0,33.12.107.16,42.219.147.238,5060,5060,UDP,.A....,0,0,1,444,background
2016-04-11 00:28:23,0.0,217.231.240.54,42.219.147.238,39255,2121,TCP,....S.,0,40,1,40,background
2016-04-11 00:28:52,0.0,213.67.69.221,42.219.147.238,49342,23,TCP,....S.,0,40,1,52,background
2016-04-11 00:29:49,0.0,67.116.1.213,42.219.147.238,30991,8554,TCP,....S.,0,40,1,40,background
2016-04-11 00:35:49,0.0,182.42.182.186,42.219.147.238,9090,22,TCP,....S.,0,40,1,40,background
2016-04-11 00:39:36,0.0,176.116.195.149,42.219.147.238,5137,5065,UDP,.A....,0,40,1,441,background
2016-04-11 00:43:04,0.0,225.230.216.251,42.219.147.238,6000,3306,TCP,....S.,0,40,1,40,background
2016-04-11 00:44:05,0.0,32.100.20.28,42.219.147.238,41478,50090,TCP,....S.,0,40,1,40,background
2016-04-11 00:44:41,0.0,237.41.247.88,42.219.147.238,20000,53,UDP,.A....,0,40,1,70,background
2016-04-11 00:45:01,0.0,60.133.101.194,42.219.147.238,5145,5060,UDP,.A....,0,40,1,445,background
2016-04-11 00:47:48,0.0,82.167.246.233,42.219.147.238,41620,1900,UDP,.A....,0,0,1,125,background
2016-04-11 00:52:47,0.0,216.156.202.228,42.219.147.238,5068,5060,UDP,.A....,0,40,1,442,background
2016-04-11 00:56:08,0.0,176.116.195.149,42.219.147.238,5090,6000,UDP,.A....,0,40,1,436,background
2016-04-11 00:57:02,0.0,182.69.160.64,42.219.147.238,19576,23,TCP,....S.,0,72,1,52,background
2016-04-11 00:57:03,0.0,182.69.160.64,42.219.147.238,19578,23,TCP,....S.,0,72,1,52,background
2016-04-11 00:58:26,0.0,224.7.72.145,42.219.147.238,20746,8080,TCP,....S.,0,40,1,40,background
2016-04-11 01:03:50,0.0,73.213.27.178,42.219.147.238,20001,53,UDP,.A....,0,40,1,70,background
2016-04-11 01:12:29,0.0,213.82.166.3,42.219.147.238,5724,5060,UDP,.A....,0,40,1,439,background
2016-04-11 01:12:40,0.0,176.116.195.149,42.219.147.238,5108,5040,UDP,.A....,0,40,1,441,background
2016-04-11 01:19:36,0.0,240.62.27.30,42.219.147.238,49264,21320,TCP,....S.,0,0,1,40,background
2016-04-11 01:31:39,3.016,70.171.198.255,42.219.147.238,4139,445,TCP,....S.,0,40,2,128,background
2016-04-11 01:31:51,2.884,50.46.50.192,42.219.147.238,1112,445,TCP,....S.,0,40,2,96,background
2016-04-11 01:34:02,0.0,124.57.65.249,42.219.147.238,6667,29158,TCP,...R..,0,8,1,40,background
2016-04-11 01:35:08,0.0,246.205.68.186,42.219.147.238,14064,22,TCP,....S.,0,40,1,48,background
2016-04-11 01:41:10,9.0,224.4.174.148,42.219.147.238,46210,23,TCP,....S.,0,40,3,168,background
2016-04-11 01:45:46,0.0,33.12.99.120,42.219.147.238,5380,5060,UDP,.A....,0,0,1,445,background
2016-04-11 01:53:47,0.0,36.37.136.91,42.219.147.238,5060,5060,UDP,.A....,0,0,1,433,background
2016-04-11 01:53:48,0.0,36.37.136.91,42.219.147.238,5060,5060,UDP,.A....,0,0,1,433,background
2016-04-11 01:58:50,0.0,69.124.8.90,42.219.147.238,38328,123,UDP,.A....,0,40,1,37,background
2016-04-11 02:02:19,9.0,72.228.239.40,42.219.147.238,2271,4028,TCP,....S.,0,72,3,180,background
2016-04-11 02:11:19,0.0,198.132.44.182,42.219.147.238,20012,443,TCP,....S.,0,40,1,40,background
2016-04-11 02:14:16,0.0,56.207.76.118,42.219.147.238,999,53,UDP,.A....,0,40,1,65,background
2016-04-11 02:14:47,0.0,242.100.155.243,42.219.147.238,35335,8080,TCP,....S.,0,0,1,40,background
2016-04-11 02:16:10,0.0,69.81.144.249,42.219.147.238,48345,17,UDP,.A....,0,40,1,28,background
2016-04-11 02:18:03,0.0,222.156.17.131,42.219.147.238,46690,5443,TCP,....S.,0,40,1,40,background
2016-04-11 02:18:42,0.0,222.156.17.131,42.219.147.238,46690,443,TCP,....S.,0,40,1,40,background
2016-04-11 02:18:55,0.0,222.156.17.131,42.219.147.238,46690,4444,TCP,....S.,0,40,1,40,background
2016-04-11 02:19:07,0.0,222.156.17.131,42.219.147.238,46690,8443,TCP,....S.,0,40,1,40,background
2016-04-11 02:19:12,0.0,222.156.17.131,42.219.147.238,46690,9443,TCP,....S.,0,40,1,40,background
2016-04-11 02:25:40,0.0,71.170.123.75,42.219.147.238,33511,23,TCP,....S.,0,40,1,52,background
2016-04-11 02:27:01,3.0,49.184.219.1,42.219.147.238,4026,23,TCP,....S.,0,0,2,120,background
2016-04-11 02:27:56,0.0,239.245.59.121,42.219.147.238,55898,22,TCP,....S.,0,0,1,40,background
2016-04-11 02:35:27,0.0,117.208.149.165,42.219.147.238,56019,53,UDP,.A....,0,72,1,57,background
2016-04-11 02:38:14,2.9960000000000004,242.190.66.102,42.219.147.238,43641,23,TCP,....S.,0,0,2,104,background
2016-04-11 02:38:14,3.0239999999999996,216.243.203.159,42.219.147.238,51578,23,TCP,....S.,0,0,2,104,background
2016-04-11 02:38:36,0.0,68.137.135.225,42.219.147.238,33778,623,UDP,.A....,0,0,1,51,background
2016-04-11 02:43:05,0.0,228.115.176.239,42.219.147.238,6000,1433,TCP,....S.,0,40,1,40,background
2016-04-11 02:43:07,0.0,117.208.149.193,42.219.147.238,47675,443,TCP,....S.,0,72,1,40,background
2016-04-11 02:43:07,0.0,117.208.149.195,42.219.147.238,54602,443,TCP,....S.,0,72,1,40,background
2016-04-11 02:50:20,0.0,248.24.211.32,42.219.147.238,6000,3306,TCP,....S.,0,16,1,40,background
2016-04-11 02:54:03,0.0,68.137.244.174,42.219.147.238,52553,69,UDP,.A....,0,0,1,42,background
2016-04-11 02:54:15,0.0,217.231.240.101,42.219.147.238,65106,2160,TCP,....S.,0,40,1,40,background
2016-04-11 02:57:42,0.0,36.80.70.244,42.219.147.238,5100,5060,UDP,.A....,0,72,1,441,background
2016-04-11 03:01:55,0.0,194.231.171.145,42.219.147.238,40263,587,TCP,....S.,0,40,1,40,background
2016-04-11 03:03:08,7.004,42.221.86.106,42.219.147.238,43214,23,TCP,....S.,0,72,4,240,background
2016-04-11 03:04:39,0.0,36.80.70.244,42.219.147.238,5100,5060,UDP,.A....,0,72,1,444,background
2016-04-11 03:07:49,0.0,56.228.87.2,42.219.147.238,63335,5432,TCP,....S.,0,16,1,40,background
2016-04-11 03:10:10,0.0,68.137.135.211,42.219.147.238,48926,443,TCP,....S.,0,0,1,40,background
2016-04-11 03:13:57,0.0,229.81.89.65,42.219.147.238,80,41635,TCP,.A..S.,0,0,1,40,background
2016-04-11 03:14:08,3.0039999999999996,61.201.254.159,42.219.147.238,53411,22,TCP,....S.,0,40,3,180,background
2016-04-11 03:14:14,9.096,70.8.151.155,42.219.147.238,57627,4028,TCP,....S.,0,0,3,180,background
2016-04-11 03:16:25,3.012,70.160.108.42,42.219.147.238,58541,23,TCP,....S.,0,72,2,104,background
2016-04-11 03:25:06,0.0,43.42.79.231,42.219.147.238,53468,137,UDP,.A....,0,0,1,78,background
2016-04-11 03:26:16,0.0,47.54.211.70,42.219.147.238,49697,80,TCP,....S.,0,40,1,40,background
2016-04-11 03:26:38,0.0,124.57.65.249,42.219.147.238,6667,44335,TCP,...R..,0,8,1,40,background
2016-04-11 03:30:03,0.0,238.177.105.92,42.219.147.238,54870,22,TCP,....S.,0,72,1,52,background
2016-04-11 03:32:38,0.0,164.229.81.43,42.219.147.238,12200,55002,TCP,....S.,0,72,1,40,background
2016-04-11 03:35:27,0.0,68.137.135.219,42.219.147.238,47812,6379,TCP,....S.,0,0,1,40,background
2016-04-11 03:35:34,0.0,233.198.23.219,42.219.147.238,6000,22,TCP,....S.,0,40,1,40,background
2016-04-11 03:36:18,2.932,64.202.56.85,42.219.147.238,4328,445,TCP,....S.,0,40,2,104,background
2016-04-11 03:36:19,0.0,204.91.46.250,42.219.147.238,34450,53,UDP,.A....,0,0,1,70,background
2016-04-11 03:37:32,0.0,242.101.129.130,42.219.147.238,56745,443,TCP,....S.,0,0,1,40,background
2016-04-11 03:40:48,0.0,73.60.0.219,42.219.147.238,12212,5901,TCP,....S.,0,40,1,40,background
2016-04-11 03:41:55,0.0,192.253.239.208,42.219.147.238,51493,8000,TCP,....S.,0,72,1,40,background
2016-04-11 03:42:28,0.0,240.41.208.134,42.219.147.238,45961,3389,TCP,....S.,0,0,1,40,background
2016-04-11 03:47:07,0.0,218.5.78.229,42.219.147.238,34171,53,UDP,.A....,0,72,1,65,background
2016-04-11 03:47:48,0.0,174.233.126.174,42.219.147.238,55448,23,TCP,....S.,0,0,1,52,background
2016-04-11 03:49:04,3.016,213.125.99.159,42.219.147.238,52163,23,TCP,....S.,0,0,2,104,background
2016-04-11 03:49:31,0.0,73.60.0.219,42.219.147.238,12201,22,TCP,....S.,0,40,1,40,background
2016-04-11 03:50:07,0.0,213.55.165.103,42.219.147.238,5064,5060,UDP,.A....,0,72,1,436,background
2016-04-11 03:52:19,0.0,69.55.59.87,42.219.147.238,34184,53,UDP,.A....,0,0,1,56,background
2016-04-11 03:59:07,0.0,32.100.20.28,42.219.147.238,41478,80,TCP,....S.,0,40,1,40,background
2016-04-11 03:59:38,0.0,56.228.69.101,42.219.147.238,34680,2375,TCP,....S.,0,0,1,40,background
2016-04-11 04:08:53,0.0,73.60.0.219,42.219.147.238,12200,3306,TCP,....S.,0,40,1,40,background
2016-04-11 04:13:14,0.0,62.100.126.36,42.219.147.238,5141,5060,UDP,.A....,0,0,1,435,background
2016-04-11 04:13:52,0.0,73.60.0.219,42.219.147.238,12200,3389,TCP,....S.,0,40,1,40,background
2016-04-11 04:14:43,0.0,178.26.167.126,42.219.147.238,10548,44701,UDP,.A....,0,72,1,48,background
2016-04-11 04:19:13,0.0,141.166.150.197,42.219.147.238,34893,23,TCP,....S.,0,40,1,60,background
2016-04-11 04:20:12,4.18,234.31.174.172,42.219.147.238,49101,23,TCP,....S.,0,40,5,300,background
2016-04-11 04:22:26,1.604,182.36.118.145,42.219.147.238,80,64286,TCP,.A..S.,0,40,2,88,background
2016-04-11 04:24:54,0.0,232.161.225.97,42.219.147.238,53664,23,TCP,....S.,0,40,1,60,background
2016-04-11 04:27:32,0.0,194.231.140.151,42.219.147.238,63594,8080,TCP,....S.,0,40,1,40,background
2016-04-11 04:27:49,8.996,232.99.127.87,42.219.147.238,2595,23,TCP,....S.,0,72,3,180,background
2016-04-11 04:29:15,0.0,68.137.244.172,42.219.147.238,45929,123,UDP,.A....,0,0,1,40,background
2016-04-11 04:36:05,0.0,246.7.239.54,42.219.147.238,12200,80,TCP,....S.,0,72,1,40,background
2016-04-11 04:37:30,0.9640000000000001,136.102.9.230,42.219.147.238,45574,23,TCP,....S.,0,40,2,120,background
2016-04-11 04:38:19,0.0,69.132.5.51,42.219.147.238,58076,520,UDP,.A....,0,40,1,53,background
2016-04-11 04:50:03,0.0,229.219.239.216,42.219.147.238,59962,22,TCP,....S.,0,72,1,52,background
2016-04-11 04:57:04,0.0,182.42.182.186,42.219.147.238,9090,22,TCP,....S.,0,40,1,40,background
2016-04-11 05:00:50,0.0,217.156.57.81,42.219.147.238,6764,5061,UDP,.A....,0,40,1,435,background
2016-04-11 05:00:51,0.0,217.156.57.81,42.219.147.238,6764,5062,UDP,.A....,0,40,1,435,background
2016-04-11 05:00:51,0.0,217.156.57.81,42.219.147.238,6764,5063,UDP,.A....,0,40,1,435,background
2016-04-11 05:00:52,0.0,217.156.57.81,42.219.147.238,6764,5064,UDP,.A....,0,40,1,435,background
2016-04-11 05:00:52,0.0,217.156.57.81,42.219.147.238,6764,5065,UDP,.A....,0,40,1,435,background
2016-04-11 05:00:52,0.0,217.156.57.81,42.219.147.238,6764,5066,UDP,.A....,0,40,1,435,background
2016-04-11 05:00:54,0.0,217.156.57.81,42.219.147.238,6764,5067,UDP,.A....,0,40,1,435,background
2016-04-11 05:00:54,0.0,217.156.57.81,42.219.147.238,6764,5068,UDP,.A....,0,40,1,434,background
2016-04-11 05:00:54,0.0,217.156.57.81,42.219.147.238,6764,5069,UDP,.A....,0,40,1,435,background
2016-04-11 05:00:54,0.0,217.156.57.81,42.219.147.238,6764,5070,UDP,.A....,0,40,1,435,background
2016-04-11 05:00:55,0.0,217.156.57.81,42.219.147.238,6764,5071,UDP,.A....,0,40,1,435,background
2016-04-11 05:00:55,0.0,217.156.57.81,42.219.147.238,6764,5072,UDP,.A....,0,40,1,436,background
2016-04-11 05:00:55,0.0,217.156.57.81,42.219.147.238,6764,5073,UDP,.A....,0,40,1,436,background
2016-04-11 05:00:55,0.0,217.156.57.81,42.219.147.238,6764,5074,UDP,.A....,0,40,1,433,background
2016-04-11 05:00:55,0.0,217.156.57.81,42.219.147.238,6764,5075,UDP,.A....,0,40,1,433,background
2016-04-11 05:00:56,0.0,217.156.57.81,42.219.147.238,6764,5076,UDP,.A....,0,40,1,432,background
2016-04-11 05:00:56,0.0,217.156.57.81,42.219.147.238,6764,5077,UDP,.A....,0,40,1,435,background
2016-04-11 05:00:56,0.0,217.156.57.81,42.219.147.238,6764,5078,UDP,.A....,0,40,1,432,background
2016-04-11 05:00:57,0.0,217.156.57.81,42.219.147.238,6764,5079,UDP,.A....,0,40,1,435,background
2016-04-11 05:00:57,0.0,217.156.57.81,42.219.147.238,6764,5080,UDP,.A....,0,40,1,435,background
2016-04-11 05:00:57,0.0,217.156.57.81,42.219.147.238,6764,5081,UDP,.A....,0,40,1,435,background
2016-04-11 05:00:58,0.0,217.156.57.81,42.219.147.238,6764,5082,UDP,.A....,0,40,1,435,background
2016-04-11 05:00:58,0.0,217.156.57.81,42.219.147.238,6764,5083,UDP,.A....,0,40,1,435,background
2016-04-11 05:00:58,0.0,217.156.57.81,42.219.147.238,6764,5084,UDP,.A....,0,40,1,435,background
2016-04-11 05:00:58,0.0,217.156.57.81,42.219.147.238,6764,5085,UDP,.A....,0,40,1,436,background
2016-04-11 05:00:58,0.0,217.156.57.81,42.219.147.238,6764,5086,UDP,.A....,0,40,1,433,background
2016-04-11 05:00:58,0.0,217.156.57.81,42.219.147.238,6764,5087,UDP,.A....,0,40,1,436,background
2016-04-11 05:00:59,0.0,217.156.57.81,42.219.147.238,6764,5088,UDP,.A....,0,40,1,435,background
2016-04-11 05:00:59,0.0,217.156.57.81,42.219.147.238,6764,5089,UDP,.A....,0,40,1,434,background
2016-04-11 05:00:59,0.0,217.156.57.81,42.219.147.238,6764,5090,UDP,.A....,0,40,1,435,background
2016-04-11 05:05:24,0.0,68.137.244.130,42.219.147.238,51689,9200,TCP,....S.,0,0,1,40,background
2016-04-11 05:05:27,0.0,150.18.190.204,42.219.147.238,30301,3542,TCP,....S.,0,40,1,40,background
2016-04-11 05:14:13,0.0,217.231.240.206,42.219.147.238,43902,2161,TCP,....S.,0,40,1,40,background
2016-04-11 05:18:16,0.0,242.101.233.184,42.219.147.238,46923,8000,TCP,....S.,0,0,1,40,background
2016-04-11 05:18:38,0.0,218.62.16.213,42.219.147.238,42451,27017,TCP,....S.,0,40,1,40,background
2016-04-11 05:20:58,3.3960000000000004,136.52.30.62,42.219.147.238,53863,23,TCP,....S.,0,0,3,156,background
2016-04-11 05:20:58,3.4,136.52.30.62,42.219.147.238,53863,23,TCP,....S.,0,0,3,156,background
2016-04-11 05:22:10,0.0,192.253.239.232,42.219.147.238,33348,2222,TCP,....S.,0,72,1,40,background
2016-04-11 05:25:14,0.0,42.93.243.234,42.219.147.238,0,2048,ICMP,.A....,0,72,1,52,background
2016-04-11 05:27:51,0.0,90.116.42.196,42.219.147.238,52244,25,TCP,....S.,0,40,1,40,background
2016-04-11 05:29:44,0.0,104.235.89.71,42.219.147.238,46587,53,UDP,.A....,0,0,1,67,background
2016-04-11 05:35:51,3.0039999999999996,229.219.209.92,42.219.147.238,63959,22,TCP,....S.,0,72,2,104,background
2016-04-11 05:37:37,0.0,242.100.154.142,42.219.147.238,35120,8088,TCP,....S.,0,0,1,40,background
2016-04-11 05:39:18,0.0,198.132.44.182,42.219.147.238,63335,5432,TCP,....S.,0,40,1,40,background
2016-04-11 05:40:58,0.0,246.205.68.191,42.219.147.238,24287,22,TCP,....S.,0,40,1,48,background
2016-04-11 05:43:05,0.0,246.181.237.124,42.219.147.238,6000,1433,TCP,....S.,0,40,1,40,background
2016-04-11 05:46:11,2.148,69.89.41.150,42.219.147.238,0,2048,ICMP,.A....,0,40,2,122,background
2016-04-11 05:46:30,0.0,36.37.183.136,42.219.147.238,48663,22,TCP,....S.,0,0,1,40,background
2016-04-11 05:47:22,2.992,220.101.148.214,42.219.147.238,48281,23,TCP,....S.,0,72,2,104,background
2016-04-11 05:47:59,0.0,96.248.73.93,42.219.147.238,44969,22,TCP,....S.,0,16,1,40,background
2016-04-11 05:51:28,0.0,232.102.118.208,42.219.147.238,53299,23,TCP,....S.,0,40,1,60,background
2016-04-11 05:51:43,3.008,44.126.115.223,42.219.147.238,50391,23,TCP,....S.,0,72,2,104,background
2016-04-11 05:51:58,0.0,194.231.171.145,42.219.147.238,57387,79,TCP,....S.,0,40,1,40,background
2016-04-11 05:55:02,0.0,225.36.196.178,42.219.147.238,41119,8888,TCP,....S.,0,40,1,40,background
2016-04-11 05:59:11,3.0039999999999996,154.207.210.65,42.219.147.238,58787,23,TCP,....S.,0,72,2,104,background
2016-04-11 06:07:28,21.928,129.102.164.234,42.219.147.238,32546,21,TCP,....S.,0,72,11,484,background
2016-04-11 06:10:34,0.0,221.177.83.32,42.219.147.238,37497,3389,TCP,....S.,0,40,1,48,background
2016-04-11 06:10:52,0.0,198.132.59.191,42.219.147.238,18242,1234,TCP,....S.,0,40,1,40,background
2016-04-11 06:12:09,3.016,183.114.157.52,42.219.147.238,45516,23,TCP,....S.,0,72,2,104,background
2016-04-11 06:20:19,0.0,43.42.79.215,42.219.147.238,51379,111,UDP,.A....,0,0,1,68,background
2016-04-11 06:25:25,0.0,138.211.60.100,42.219.147.238,80,57180,TCP,.A..S.,0,40,1,44,background
2016-04-11 06:27:55,0.0,68.137.135.253,42.219.147.238,37374,53413,UDP,.A....,0,0,1,29,background
2016-04-11 06:28:06,0.0,240.111.186.124,42.219.147.238,12200,80,TCP,....S.,0,0,1,40,background
2016-04-11 06:32:05,0.0,36.190.211.206,42.219.147.238,53571,22,TCP,....S.,0,0,1,52,background
2016-04-11 06:32:41,3.008,133.48.202.140,42.219.147.238,35889,23,TCP,....S.,0,0,2,104,background
2016-04-11 06:35:47,0.0,67.222.252.242,42.219.147.238,80,63616,TCP,...R..,0,8,1,40,background
2016-04-11 06:41:56,0.0,33.12.108.90,42.219.147.238,5155,5060,UDP,.A....,0,0,1,445,background
2016-04-11 06:42:03,0.0,198.132.44.182,42.219.147.238,17449,5000,TCP,....S.,0,40,1,40,background
2016-04-11 06:42:17,0.0,211.136.164.113,42.219.147.238,52910,80,TCP,....S.,0,40,1,40,background
2016-04-11 06:44:45,0.0,176.116.195.41,42.219.147.238,5497,5060,UDP,.A....,0,40,1,437,background
2016-04-11 06:45:25,3.032,223.73.172.241,42.219.147.238,43298,23,TCP,....S.,0,0,2,104,background
2016-04-11 06:45:26,3.036,223.73.172.241,42.219.147.238,43298,23,TCP,....S.,0,0,2,104,background
2016-04-11 06:48:13,3.0,212.243.152.230,42.219.147.238,42317,23,TCP,....S.,0,40,2,104,background
2016-04-11 06:52:28,8.996,209.152.64.230,42.219.147.238,60990,23,TCP,....S.,0,0,3,180,background
2016-04-11 06:52:54,3.0239999999999996,80.22.139.148,42.219.147.238,65378,22,TCP,....S.,0,72,2,104,background
2016-04-11 07:04:05,0.0,46.148.67.118,42.219.147.238,49202,23,TCP,....S.,0,72,1,52,background
2016-04-11 07:05:12,0.0,80.254.46.177,42.219.147.238,4935,3389,TCP,....S.,0,72,1,52,background
2016-04-11 07:10:26,0.0,69.81.144.249,42.219.147.238,0,2048,ICMP,.A....,0,40,1,32,background
2016-04-11 07:12:49,0.0,68.137.135.215,42.219.147.238,41043,5351,UDP,.A....,0,0,1,30,background
2016-04-11 07:14:26,2.9360000000000004,72.183.77.138,42.219.147.238,2383,445,TCP,....S.,0,40,2,104,background
2016-04-11 07:26:55,3.452,202.211.209.195,42.219.147.238,2327,445,TCP,....S.,0,0,2,96,background
2016-04-11 07:26:55,3.4560000000000004,202.211.209.195,42.219.147.238,2327,445,TCP,....S.,0,0,2,96,background
2016-04-11 07:31:32,0.0,165.72.140.4,42.219.147.238,48140,80,TCP,....S.,0,0,1,40,background
2016-04-11 07:34:21,0.0,68.137.244.130,42.219.147.238,60276,27017,TCP,....S.,0,0,1,40,background
2016-04-11 07:36:06,0.0,217.231.240.206,42.219.147.238,15810,2222,TCP,....S.,0,40,1,40,background
2016-04-11 07:36:32,0.0,32.100.20.28,42.219.147.238,41478,995,TCP,....S.,0,40,1,40,background
2016-04-11 07:36:45,0.0,69.132.5.136,42.219.147.238,60259,123,UDP,.A....,0,40,1,37,background
2016-04-11 07:39:14,0.0,239.65.237.69,42.219.147.238,34290,23,TCP,....S.,0,72,1,52,background
2016-04-11 07:39:22,0.0,225.145.43.226,42.219.147.238,9036,1701,UDP,.A....,0,40,1,135,background
2016-04-11 07:42:25,0.0,32.100.20.28,42.219.147.238,41478,389,TCP,....S.,0,40,1,40,background
2016-04-11 07:46:51,9.0,129.99.145.125,42.219.147.238,60495,23,TCP,....S.,0,72,3,180,background
2016-04-11 07:47:30,0.0,57.104.219.105,42.219.147.238,5072,5060,UDP,.A....,0,40,1,443,background
2016-04-11 07:48:42,2.972,224.108.33.178,42.219.147.238,47870,23,TCP,....S.,0,72,2,104,background
2016-04-11 07:51:02,3.0239999999999996,209.214.25.12,42.219.147.238,41165,23,TCP,....S.,0,0,2,104,background
2016-04-11 07:56:16,0.0,85.248.106.77,42.219.147.238,5500,5060,UDP,.A....,0,0,1,421,background
2016-04-11 08:04:10,2.86,232.246.127.115,42.219.147.238,4404,445,TCP,....S.,0,40,2,96,background
2016-04-11 08:10:18,0.0,224.36.46.3,42.219.147.238,33991,23,TCP,....S.,0,40,1,60,background
2016-04-11 08:13:25,0.0,218.153.56.171,42.219.147.238,443,39834,TCP,...R..,0,24,1,40,background
2016-04-11 08:24:22,0.0,62.174.229.181,42.219.147.238,22974,80,TCP,....S.,0,40,1,40,background
2016-04-11 08:25:14,0.0,168.23.111.42,42.219.147.238,35775,23,TCP,....S.,0,40,1,52,background
2016-04-11 08:27:14,0.0,233.60.220.66,42.219.147.238,62293,22,TCP,....S.,0,72,1,52,background
2016-04-11 08:28:08,0.0,47.149.223.235,42.219.147.238,29834,5432,TCP,....S.,0,40,1,40,background
2016-04-11 08:29:29,0.0,32.100.20.28,42.219.147.238,41478,137,TCP,....S.,0,40,1,40,background
2016-04-11 08:30:22,0.0,69.132.5.212,42.219.147.238,55610,8080,TCP,....S.,0,40,1,40,background
2016-04-11 08:38:34,2.888,233.60.67.82,42.219.147.238,37794,445,TCP,....S.,0,72,2,96,background
2016-04-11 08:40:21,2.992,182.224.195.164,42.219.147.238,46036,23,TCP,....S.,0,40,3,144,background
2016-04-11 08:44:43,3.0,51.186.158.129,42.219.147.238,41309,23,TCP,....S.,0,0,2,104,background
2016-04-11 08:50:33,0.0,93.179.112.232,42.219.147.238,56733,5907,TCP,....S.,0,0,1,40,background
2016-04-11 08:56:40,0.0,43.42.79.247,42.219.147.238,46404,1434,UDP,.A....,0,0,1,29,background
2016-04-11 08:59:58,0.0,217.156.124.13,42.219.147.238,5194,5060,UDP,.A....,0,40,1,443,background
2016-04-11 09:02:50,3.0039999999999996,234.199.1.165,42.219.147.238,41811,23,TCP,....S.,0,72,2,104,background
2016-04-11 09:04:02,0.0,33.12.108.90,42.219.147.238,5353,5060,UDP,.A....,0,0,1,445,background
2016-04-11 09:06:56,0.0,217.231.240.114,42.219.147.238,54812,3389,TCP,....S.,0,40,1,40,background
2016-04-11 09:10:59,0.0,208.43.184.193,42.219.147.238,51206,49320,TCP,....S.,0,40,1,40,background
2016-04-11 09:14:50,0.0,68.137.244.129,42.219.147.238,54530,123,UDP,.A....,0,0,1,40,background
2016-04-11 09:15:58,0.0,79.7.35.82,42.219.147.238,30810,5290,TCP,.A..S.,0,0,1,44,background
2016-04-11 09:18:53,9.0,44.127.174.203,42.219.147.238,45833,23,TCP,....S.,0,72,3,180,background
2016-04-11 09:22:46,2.9960000000000004,51.212.111.206,42.219.147.238,40596,23,TCP,....S.,0,0,2,104,background
2016-04-11 09:22:52,0.0,182.42.182.186,42.219.147.238,9090,22,TCP,....S.,0,40,1,40,background
2016-04-11 09:24:47,0.0,185.6.77.149,42.219.147.238,80,10449,TCP,.A..S.,0,0,1,44,background
2016-04-11 09:29:57,3.0,36.255.98.79,42.219.147.238,45031,23,TCP,....S.,0,72,2,104,background
2016-04-11 09:32:02,0.0,204.91.46.221,42.219.147.238,57708,19,UDP,.A....,0,0,1,29,background
2016-04-11 09:32:42,0.0,69.55.59.192,42.219.147.238,5354,5060,UDP,.A....,0,0,1,433,background
2016-04-11 09:35:11,0.0,248.60.153.118,42.219.147.238,5095,5060,UDP,.A....,0,0,1,433,background
2016-04-11 09:35:12,0.0,248.60.153.118,42.219.147.238,5095,5060,UDP,.A....,0,0,1,433,background
2016-04-11 09:36:17,9.0,72.190.17.123,42.219.147.238,40658,23,TCP,....S.,0,40,3,168,background
2016-04-11 09:37:51,0.0,32.100.20.28,42.219.147.238,41478,994,TCP,....S.,0,40,1,40,background
2016-04-11 09:37:53,0.0,93.179.112.232,42.219.147.238,56733,5901,TCP,....S.,0,0,1,40,background
2016-04-11 09:38:44,0.0,64.163.220.209,42.219.147.238,49250,23,TCP,....S.,0,72,1,60,background
2016-04-11 09:39:00,8.996,224.243.104.125,42.219.147.238,61549,3389,TCP,....S.,0,72,3,152,background
2016-04-11 09:41:49,2.86,239.120.130.9,42.219.147.238,1664,445,TCP,....S.,0,0,2,96,background
2016-04-11 09:41:50,2.86,239.120.130.9,42.219.147.238,1664,445,TCP,....S.,0,0,2,96,background
2016-04-11 09:42:24,0.0,225.145.165.222,42.219.147.238,22208,1723,TCP,....S.,0,40,1,40,background
2016-04-11 09:44:25,0.0,192.253.239.134,42.219.147.238,51034,91,TCP,....S.,0,72,1,40,background
2016-04-11 09:53:07,3.108,58.228.187.240,42.219.147.238,1791,445,TCP,....S.,0,0,2,96,background
2016-04-11 09:53:07,3.112,58.228.187.240,42.219.147.238,1791,445,TCP,....S.,0,0,2,96,background
2016-04-11 09:53:58,0.0,41.34.127.90,42.219.147.238,5061,5060,UDP,.A....,0,0,1,435,background
2016-04-11 09:54:18,0.0,217.231.240.101,42.219.147.238,39707,2323,TCP,....S.,0,40,1,40,background
2016-04-11 09:57:10,0.0,62.100.229.92,42.219.147.238,49970,22,TCP,....S.,0,0,1,40,background
2016-04-11 09:57:22,0.0,240.19.64.164,42.219.147.238,5063,5060,UDP,.A....,0,40,1,434,background
2016-04-11 09:57:23,2.86,233.157.240.123,42.219.147.238,3346,445,TCP,....S.,0,72,2,96,background
2016-04-11 10:00:19,0.0,227.169.55.238,42.219.147.238,6000,1433,TCP,....S.,0,40,1,40,background
2016-04-11 10:02:58,0.0,68.137.244.165,42.219.147.238,48139,11211,TCP,....S.,0,0,1,40,background
2016-04-11 10:04:46,0.0,42.219.170.246,42.219.147.238,0,2048,ICMP,.A....,0,40,1,64,background
2016-04-11 10:08:00,0.0,32.93.109.11,42.219.147.238,13254,5901,TCP,....S.,0,72,1,48,background
2016-04-11 10:17:37,0.0,82.6.252.215,42.219.147.238,49267,80,TCP,....S.,0,0,1,40,background
2016-04-11 10:17:38,0.0,82.6.252.215,42.219.147.238,49267,80,TCP,....S.,0,0,1,40,background
2016-04-11 10:22:41,0.0,165.72.140.4,42.219.147.238,40711,8080,TCP,....S.,0,0,1,40,background
2016-04-11 10:23:09,0.0,242.100.247.131,42.219.147.238,49970,9600,TCP,....S.,0,0,1,40,background
2016-04-11 10:24:02,0.0,170.253.36.53,42.219.147.238,6000,3306,TCP,....S.,0,0,1,40,background
2016-04-11 10:28:25,0.0,36.144.90.215,42.219.147.238,60843,23,TCP,....S.,0,0,1,52,background
2016-04-11 10:28:26,0.0,36.144.90.215,42.219.147.238,60843,23,TCP,....S.,0,0,1,52,background
2016-04-11 10:33:35,4.996,200.143.197.246,42.219.147.238,55381,23,TCP,....S.,0,0,5,300,background
2016-04-11 10:33:37,0.0,198.132.27.142,42.219.147.238,34845,444,TCP,....S.,0,40,1,40,background
2016-04-11 10:37:28,0.0,245.243.168.36,42.219.147.238,5138,5060,UDP,.A....,0,40,1,435,background
2016-04-11 10:39:16,0.0,67.116.103.246,42.219.147.238,5109,5060,UDP,.A....,0,40,1,444,background
2016-04-11 10:46:51,2.156,129.124.114.54,42.219.147.238,0,2048,ICMP,.A....,0,0,2,122,background
2016-04-11 10:46:52,2.156,129.124.114.54,42.219.147.238,0,2048,ICMP,.A....,0,0,2,122,background
2016-04-11 10:50:26,3.008,216.249.234.161,42.219.147.238,58483,23,TCP,....S.,0,0,2,104,background
2016-04-11 10:50:27,3.008,216.249.234.161,42.219.147.238,58483,23,TCP,....S.,0,0,2,104,background
2016-04-11 10:52:21,3.0039999999999996,50.66.231.2,42.219.147.238,47005,23,TCP,....S.,0,40,2,104,background
2016-04-11 10:55:11,0.0,165.202.36.149,42.219.147.238,43217,80,TCP,....S.,0,0,1,40,background
2016-04-11 10:55:12,0.0,165.202.36.149,42.219.147.238,43217,80,TCP,....S.,0,0,1,40,background
2016-04-11 10:56:11,0.0,133.178.113.43,42.219.147.238,39401,123,UDP,.A....,0,0,1,37,background
2016-04-11 10:56:12,0.0,133.178.113.43,42.219.147.238,39401,123,UDP,.A....,0,0,1,37,background
2016-04-11 10:56:30,3.148,37.76.47.161,42.219.147.238,34970,23,TCP,....S.,0,72,3,156,background
2016-04-11 10:57:01,0.0,218.165.235.182,42.219.147.238,49206,23,TCP,....S.,0,0,1,60,background
2016-04-11 11:04:04,0.0,192.253.239.54,42.219.147.238,50816,81,TCP,....S.,0,72,1,40,background
2016-04-11 11:06:02,0.0,33.12.108.90,42.219.147.238,5184,5060,UDP,.A....,0,0,1,445,background
2016-04-11 11:06:03,0.0,33.12.108.90,42.219.147.238,5184,5060,UDP,.A....,0,0,1,445,background
2016-04-11 11:11:21,9.096,136.123.47.167,42.219.147.238,50548,22,TCP,....S.,0,72,3,152,background
2016-04-11 11:12:14,0.0,68.137.244.164,42.219.147.238,45305,1900,UDP,.A....,0,0,1,125,background
2016-04-11 11:13:31,0.0,73.60.0.219,42.219.147.238,12205,23,TCP,....S.,0,40,1,40,background
2016-04-11 11:14:02,0.0,86.128.235.174,42.219.147.238,5114,5060,UDP,.A....,0,0,1,445,background
2016-04-11 11:14:03,0.0,86.128.235.174,42.219.147.238,5114,5060,UDP,.A....,0,0,1,445,background
2016-04-11 11:16:50,0.0,68.137.135.219,42.219.147.238,43878,5353,UDP,.A....,0,0,1,74,background
2016-04-11 11:16:51,0.0,68.137.135.219,42.219.147.238,43878,5353,UDP,.A....,0,0,1,74,background
2016-04-11 11:18:39,3.008,129.119.12.216,42.219.147.238,48047,23,TCP,....S.,0,72,2,104,background
2016-04-11 11:19:27,0.0,208.43.183.102,42.219.147.238,46090,8893,TCP,....S.,0,40,1,40,background
2016-04-11 11:24:09,0.0,176.116.194.129,42.219.147.238,13944,1177,TCP,....S.,0,40,1,40,background
2016-04-11 11:27:50,2.9960000000000004,176.112.234.224,42.219.147.238,33191,23,TCP,....S.,0,40,2,104,background
2016-04-11 11:31:43,0.0,237.128.46.55,42.219.147.238,57311,22,TCP,....S.,0,72,1,52,background
2016-04-11 11:35:12,0.0,82.7.67.216,42.219.147.238,45500,1604,TCP,....S.,0,0,1,40,background
2016-04-11 11:37:05,2.944,212.122.252.62,42.219.147.238,1465,445,TCP,....S.,0,0,2,96,background
2016-04-11 11:39:17,0.0,33.12.115.38,42.219.147.238,5060,5060,UDP,.A....,0,0,1,444,background
2016-04-11 11:39:43,0.0,60.133.101.194,42.219.147.238,5187,5060,UDP,.A....,0,40,1,445,background
2016-04-11 11:39:59,0.0,179.180.224.171,42.219.147.238,0,2048,ICMP,.A....,0,40,1,28,background
2016-04-11 11:40:21,0.0,188.30.209.111,42.219.147.238,5145,5060,UDP,.A....,0,0,1,379,background
2016-04-11 11:43:35,0.0,117.208.149.88,42.219.147.238,37456,143,TCP,....S.,0,72,1,40,background
2016-04-11 11:43:35,0.0,117.208.149.92,42.219.147.238,34480,143,TCP,....S.,0,72,1,40,background
2016-04-11 11:46:27,0.0,248.3.121.236,42.219.147.238,61161,22,TCP,....S.,0,40,1,48,background
2016-04-11 11:46:52,0.0,69.48.187.0,42.219.147.238,34226,23,TCP,....S.,0,40,1,60,background
2016-04-11 11:48:40,0.0,242.101.129.180,42.219.147.238,47094,1723,TCP,....S.,0,0,1,40,background
2016-04-11 11:48:41,0.0,242.101.129.180,42.219.147.238,47094,1723,TCP,....S.,0,0,1,40,background
2016-04-11 11:55:13,0.0,234.23.38.162,42.219.147.238,51699,21,TCP,....S.,0,72,1,52,background
2016-04-11 11:58:09,0.0,237.128.46.55,42.219.147.238,62124,22,TCP,....S.,0,72,1,52,background
2016-04-11 12:04:56,0.0,178.27.2.156,42.219.147.238,12200,3128,TCP,....S.,0,72,1,40,background
2016-04-11 12:07:32,0.0,36.37.176.93,42.219.147.238,49253,22,TCP,....S.,0,2,1,52,background
2016-04-11 12:07:40,0.0,82.6.252.214,42.219.147.238,57901,443,TCP,....S.,0,0,1,40,background
2016-04-11 12:07:41,0.0,82.6.252.214,42.219.147.238,57901,443,TCP,....S.,0,0,1,40,background
2016-04-11 12:10:04,9.016,224.36.126.95,42.219.147.238,37361,23,TCP,....S.,0,40,2,120,background
2016-04-11 12:11:10,0.0,43.28.221.2,42.219.147.238,56078,80,TCP,....S.,0,40,1,40,background
2016-04-11 12:15:35,3.02,71.6.187.115,42.219.147.238,2653,445,TCP,....S.,0,40,2,96,background
2016-04-11 12:16:15,6.992000000000001,178.11.100.96,42.219.147.238,3865,53413,UDP,.A....,0,0,2,58,background
2016-04-11 12:16:16,6.992000000000001,178.11.100.96,42.219.147.238,3865,53413,UDP,.A....,0,0,2,58,background
2016-04-11 12:17:28,0.0,217.231.240.101,42.219.147.238,63933,2483,TCP,....S.,0,40,1,40,background
2016-04-11 12:17:42,3.036,208.68.222.188,42.219.147.238,44560,445,TCP,....S.,0,0,2,96,background
2016-04-11 12:17:43,3.036,208.68.222.188,42.219.147.238,44560,445,TCP,....S.,0,0,2,96,background
2016-04-11 12:22:21,0.0,62.71.89.142,42.219.147.238,80,20319,TCP,.A..S.,0,40,1,44,background
2016-04-11 12:25:07,0.0,183.45.72.135,42.219.147.238,49854,22,TCP,....S.,0,40,1,40,background
2016-04-11 12:25:34,3.008,237.150.4.3,42.219.147.238,52548,23,TCP,....S.,0,72,2,104,background
2016-04-11 12:26:29,0.0,49.154.74.184,42.219.147.238,18857,23,TCP,....S.,0,72,1,60,background
2016-04-11 12:27:59,0.0,246.7.235.37,42.219.147.238,12200,21320,TCP,....S.,0,72,1,40,background
2016-04-11 12:41:33,0.0,56.228.69.74,42.219.147.238,13686,1434,UDP,.A....,0,0,1,29,background
2016-04-11 12:42:36,0.0,40.137.236.9,42.219.147.238,5068,5060,UDP,.A....,0,0,1,441,background
2016-04-11 12:46:09,3.84,213.20.218.189,42.219.147.238,56999,445,TCP,....S.,0,40,2,96,background
2016-04-11 12:47:20,0.0,77.248.75.130,42.219.147.238,36465,23,TCP,....S.,0,40,1,60,background
2016-04-11 12:49:32,2.72,217.23.38.138,42.219.147.238,1240,445,TCP,....S.,0,40,2,96,background
2016-04-11 12:50:46,0.0,141.166.14.62,42.219.147.238,45596,23,TCP,....S.,0,40,1,60,background
2016-04-11 12:52:43,3.008,133.48.55.49,42.219.147.238,38331,23,TCP,....S.,0,0,2,104,background
2016-04-11 12:52:50,0.0,215.150.201.226,42.219.147.238,51638,22,TCP,....S.,0,40,1,40,background
2016-04-11 12:53:07,0.0,33.12.108.90,42.219.147.238,5167,5060,UDP,.A....,0,0,1,444,background
2016-04-11 12:54:41,0.0,248.60.153.118,42.219.147.238,5060,5060,UDP,.A....,0,0,1,435,background
2016-04-11 12:55:05,0.0,211.98.125.28,42.219.147.238,5681,25,TCP,....S.,0,0,1,48,background
2016-04-11 13:01:57,0.0,117.208.149.134,42.219.147.238,41132,1911,TCP,....S.,0,72,1,40,background
2016-04-11 13:01:57,0.0,117.208.149.135,42.219.147.238,60621,1911,TCP,....S.,0,72,1,40,background
2016-04-11 13:06:57,0.0,73.60.0.219,42.219.147.238,12203,1433,TCP,....S.,0,40,1,40,background
2016-04-11 13:09:03,0.0,176.116.194.233,42.219.147.238,5191,5070,UDP,.A....,0,40,1,437,background
2016-04-11 13:10:57,2.0,236.126.172.170,42.219.147.238,36261,23,TCP,....S.,0,40,3,180,background
2016-04-11 13:11:56,0.0,213.221.146.209,42.219.147.238,5060,5060,UDP,.A....,0,0,1,441,background
2016-04-11 13:12:50,0.0,69.132.4.149,42.219.147.238,56374,69,UDP,.A....,0,40,1,43,background
2016-04-11 13:16:32,0.0,69.18.149.84,42.219.147.238,80,51027,TCP,.A..S.,0,40,1,44,background
2016-04-11 13:16:43,0.0,69.18.149.84,42.219.147.238,80,46588,TCP,.A..S.,0,40,1,44,background
2016-04-11 13:19:05,0.0,176.116.194.233,42.219.147.238,5602,5080,UDP,.A....,0,40,1,438,background
2016-04-11 13:20:32,2.992,87.31.59.104,42.219.147.238,4446,445,TCP,....S.,0,0,2,96,background
2016-04-11 13:25:56,0.0,69.26.99.197,42.219.147.238,80,63939,TCP,.A..S.,0,0,1,44,background
2016-04-11 13:32:54,0.0,176.116.194.233,42.219.147.238,5327,5090,UDP,.A....,0,40,1,438,background
2016-04-11 13:36:17,0.0,182.36.118.145,42.219.147.238,80,43403,TCP,.A..S.,0,40,1,44,background
2016-04-11 13:42:14,0.0,246.150.65.216,42.219.147.238,6000,3306,TCP,....S.,0,40,1,40,background
2016-04-11 13:43:28,0.0,67.233.13.23,42.219.147.238,80,48456,TCP,.A..S.,0,0,1,44,blacklist
2016-04-11 13:47:47,0.0,176.116.194.233,42.219.147.238,5405,6060,UDP,.A....,0,40,1,438,background
2016-04-11 13:51:53,0.0,182.42.182.186,42.219.147.238,9090,22,TCP,....S.,0,40,1,40,background
2016-04-11 14:01:25,0.0,62.100.90.154,42.219.147.238,53455,8022,TCP,....S.,0,0,1,40,background
2016-04-11 14:02:21,3.0039999999999996,40.168.155.66,42.219.147.238,48471,23,TCP,....S.,0,0,2,104,background
2016-04-11 14:03:52,0.0,204.91.46.247,42.219.147.238,44652,17,UDP,.A....,0,0,1,29,background
2016-04-11 14:04:19,0.0,176.116.194.233,42.219.147.238,5075,5061,UDP,.A....,0,40,1,438,background
2016-04-11 14:10:10,2.984,73.241.234.10,42.219.147.238,3948,445,TCP,....S.,0,40,2,96,background
2016-04-11 14:12:24,0.0,221.177.81.217,42.219.147.238,45379,87,TCP,....S.,0,40,1,40,background
2016-04-11 14:12:58,0.0,56.208.168.104,42.219.147.238,45678,53,UDP,.A....,0,40,1,73,background
2016-04-11 14:18:14,2.9960000000000004,237.146.97.76,42.219.147.238,39651,23,TCP,....S.,0,72,2,104,background
2016-04-11 14:18:32,0.0,242.103.61.21,42.219.147.238,55908,25,TCP,....S.,0,0,1,40,background
2016-04-11 14:18:33,0.0,242.103.61.21,42.219.147.238,55908,25,TCP,....S.,0,0,1,40,background
2016-04-11 14:21:24,0.0,208.43.183.102,42.219.147.238,46090,7627,TCP,....S.,0,40,1,40,background
2016-04-11 14:21:41,0.0,176.116.194.233,42.219.147.238,5252,5062,UDP,.A....,0,40,1,439,background
2016-04-11 14:32:51,0.0,208.43.183.102,42.219.147.238,46090,7777,TCP,....S.,0,40,1,40,background
2016-04-11 14:35:16,0.0,208.43.183.102,42.219.147.238,46090,8088,TCP,....S.,0,40,1,40,background
2016-04-11 14:36:42,0.0,217.231.240.206,42.219.147.238,18532,2484,TCP,....S.,0,40,1,40,background
2016-04-11 14:37:45,0.0,246.182.202.32,42.219.147.238,6000,3306,TCP,....S.,0,40,1,40,background
2016-04-11 14:38:57,0.0,176.116.194.233,42.219.147.238,5161,5064,UDP,.A....,0,40,1,436,background
2016-04-11 14:39:19,0.0,33.12.102.177,42.219.147.238,5101,5060,UDP,.A....,0,0,1,444,background
2016-04-11 14:39:52,0.0,78.180.78.61,42.219.147.238,50833,123,UDP,.A....,0,40,1,220,background
2016-04-11 14:41:14,2.988,48.161.201.169,42.219.147.238,11166,445,TCP,....S.,0,0,2,96,background
2016-04-11 14:42:39,0.0,246.7.155.29,42.219.147.238,12200,55002,TCP,....S.,0,72,1,40,background
2016-04-11 14:47:39,0.0,197.34.213.105,42.219.147.238,5168,5060,UDP,.A....,0,40,1,445,background
2016-04-11 14:51:18,0.0,198.132.44.182,42.219.147.238,26889,3784,TCP,....S.,0,40,1,40,background
2016-04-11 14:53:49,3.072,70.172.242.156,42.219.147.238,3218,445,TCP,....S.,0,40,2,96,background
2016-04-11 14:53:50,0.0,168.153.48.4,42.219.147.238,55455,3389,TCP,....S.,0,0,1,40,background
2016-04-11 14:54:53,0.0,183.114.152.122,42.219.147.238,44746,23,TCP,....S.,0,72,1,52,background
2016-04-11 14:56:21,0.0,198.132.87.105,42.219.147.238,443,443,TCP,....S.,0,40,1,40,background
2016-04-11 14:58:43,0.0,176.116.194.233,42.219.147.238,5101,5066,UDP,.A....,0,40,1,438,background
2016-04-11 15:00:12,3.008,61.201.253.7,42.219.147.238,47901,22,TCP,....S.,0,40,3,180,background
2016-04-11 15:11:32,0.0,225.230.216.89,42.219.147.238,6000,3306,TCP,....S.,0,40,1,40,background
2016-04-11 15:15:46,2.9960000000000004,85.74.164.234,42.219.147.238,51352,23,TCP,....S.,0,0,2,120,background
2016-04-11 15:16:10,3.016,154.26.153.137,42.219.147.238,17080,445,TCP,....S.,0,40,2,104,background
2016-04-11 15:17:31,0.0,33.12.108.90,42.219.147.238,5189,5060,UDP,.A....,0,0,1,445,background
2016-04-11 15:17:43,0.0,62.136.164.97,42.219.147.238,80,7151,TCP,.A..S.,0,40,1,44,background
2016-04-11 15:18:03,0.0,176.116.194.233,42.219.147.238,5099,6050,UDP,.A....,0,40,1,438,background
2016-04-11 15:18:45,0.0,197.71.45.9,42.219.147.238,5084,5060,UDP,.A....,0,0,1,442,background
2016-04-11 15:21:52,0.0,96.96.13.149,42.219.147.238,58790,80,TCP,....S.,0,0,1,44,background
2016-04-11 15:21:52,0.0,96.96.13.149,42.219.147.238,58791,80,TCP,....S.,0,0,1,44,background
2016-04-11 15:21:53,0.0,96.96.13.149,42.219.147.238,57638,80,TCP,....S.,0,0,1,44,background
2016-04-11 15:21:53,0.0,96.96.13.149,42.219.147.238,57639,80,TCP,....S.,0,0,1,44,background
2016-04-11 15:21:54,0.0,96.96.13.149,42.219.147.238,43436,80,TCP,....S.,0,0,1,44,background
2016-04-11 15:21:54,0.0,96.96.13.149,42.219.147.238,57639,80,TCP,....S.,0,0,1,44,background
2016-04-11 15:21:55,0.0,96.96.13.149,42.219.147.238,43436,80,TCP,....S.,0,0,1,44,background
2016-04-11 15:21:55,0.0,96.96.13.149,42.219.147.238,43437,80,TCP,....S.,0,0,1,44,background
2016-04-11 15:21:59,0.0,96.96.13.149,42.219.147.238,45533,80,TCP,....S.,0,0,1,44,background
2016-04-11 15:21:59,0.0,96.96.13.149,42.219.147.238,45534,80,TCP,....S.,0,0,1,44,background
2016-04-11 15:22:00,0.0,96.96.13.149,42.219.147.238,45534,80,TCP,....S.,0,0,1,44,background
2016-04-11 15:22:03,0.0,96.96.13.149,42.219.147.238,51264,80,TCP,....S.,0,0,1,44,background
2016-04-11 15:22:03,0.0,96.96.13.149,42.219.147.238,51265,80,TCP,....S.,0,0,1,44,background
2016-04-11 15:22:04,0.0,96.96.13.149,42.219.147.238,51265,80,TCP,....S.,0,0,1,44,background
2016-04-11 15:22:12,0.0,68.137.244.129,42.219.147.238,44760,80,TCP,....S.,0,0,1,40,background
2016-04-11 15:22:12,0.0,96.96.13.149,42.219.147.238,45136,80,TCP,....S.,0,0,1,44,background
2016-04-11 15:22:12,0.0,96.96.13.149,42.219.147.238,45137,80,TCP,....S.,0,0,1,44,background
2016-04-11 15:22:12,0.0,96.96.13.149,42.219.147.238,52719,80,TCP,....S.,0,0,1,44,background
2016-04-11 15:22:12,0.0,96.96.13.149,42.219.147.238,52720,80,TCP,....S.,0,0,1,44,background
2016-04-11 15:22:13,0.0,96.96.13.149,42.219.147.238,45137,80,TCP,....S.,0,0,1,44,background
2016-04-11 15:22:16,0.0,96.96.13.149,42.219.147.238,50725,80,TCP,....S.,0,0,1,44,background
2016-04-11 15:22:16,0.0,96.96.13.149,42.219.147.238,50726,80,TCP,....S.,0,0,1,44,background
2016-04-11 15:26:57,0.0,208.43.183.102,42.219.147.238,46090,8081,TCP,....S.,0,40,1,40,background
2016-04-11 15:31:34,0.0,36.37.176.93,42.219.147.238,33850,22,TCP,....S.,0,0,1,40,background
2016-04-11 15:37:13,3.3680000000000003,173.15.191.161,42.219.147.238,57385,23,TCP,....S.,0,72,3,156,background
2016-04-11 15:37:35,3.012,221.38.184.62,42.219.147.238,50430,23,TCP,....S.,0,72,2,104,background
2016-04-11 15:38:03,0.0,176.116.194.233,42.219.147.238,5130,5000,UDP,.A....,0,40,1,438,background
2016-04-11 15:41:36,0.0,57.173.86.134,42.219.147.238,5066,5060,UDP,.A....,0,0,1,439,background
2016-04-11 15:43:35,0.0,229.219.239.143,42.219.147.238,49340,22,TCP,....S.,0,74,1,52,background
2016-04-11 15:44:18,0.0,192.253.239.78,42.219.147.238,45065,80,TCP,....S.,0,72,1,40,background
2016-04-11 15:48:44,0.0,32.100.20.28,42.219.147.238,41478,25,TCP,....S.,0,40,1,40,background
2016-04-11 15:50:17,0.0,36.37.176.93,42.219.147.238,33850,443,TCP,....S.,0,0,1,40,background
2016-04-11 15:50:43,0.0,47.149.216.48,42.219.147.238,887,8080,TCP,....S.,0,40,1,40,background
2016-04-11 15:54:37,2.8760000000000003,70.172.205.66,42.219.147.238,3870,445,TCP,....S.,0,40,2,96,background
2016-04-11 15:55:57,3.1239999999999997,107.56.231.33,42.219.147.238,46894,23,TCP,....S.,0,72,2,104,background
2016-04-11 15:57:06,0.0,222.5.2.16,42.219.147.238,80,26655,TCP,.A..S.,0,0,1,44,background
2016-04-11 15:58:02,0.0,176.116.194.233,42.219.147.238,5101,5050,UDP,.A....,0,40,1,437,background
2016-04-11 15:58:30,0.0,60.133.101.194,42.219.147.238,5189,5060,UDP,.A....,0,40,1,444,background
2016-04-11 15:59:53,0.0,198.132.27.142,42.219.147.238,10163,515,TCP,....S.,0,40,1,40,background
2016-04-11 16:00:07,3.008,224.108.102.26,42.219.147.238,54472,23,TCP,....S.,0,72,2,104,background
2016-04-11 16:03:19,0.0,240.62.27.30,42.219.147.238,45949,21320,TCP,....S.,0,0,1,40,background
2016-04-11 16:05:36,0.0,36.37.183.136,42.219.147.238,48663,22,TCP,....S.,0,0,1,40,background
2016-04-11 16:05:37,0.0,36.37.183.136,42.219.147.238,48663,22,TCP,....S.,0,0,1,40,background
2016-04-11 16:05:54,0.0,32.100.20.28,42.219.147.238,41478,5672,TCP,....S.,0,40,1,40,background
2016-04-11 16:07:33,0.0,57.121.116.61,42.219.147.238,11126,123,UDP,.A....,0,40,1,76,background
2016-04-11 16:15:01,0.0,69.134.197.211,42.219.147.238,55347,23,TCP,....S.,0,72,1,52,background
2016-04-11 16:18:08,0.0,176.116.194.233,42.219.147.238,5476,5051,UDP,.A....,0,40,1,440,background
2016-04-11 16:19:08,0.0,188.31.131.243,42.219.147.238,25565,62226,TCP,.A..S.,0,0,1,44,background
2016-04-11 16:24:00,8.992,224.36.217.65,42.219.147.238,44932,23,TCP,....S.,0,40,2,112,background
2016-04-11 16:25:06,0.0,92.18.45.40,42.219.147.238,57156,1090,TCP,....S.,0,0,1,48,background
2016-04-11 16:32:27,0.0,117.208.149.34,42.219.147.238,60636,25,TCP,....S.,0,72,1,40,background
2016-04-11 16:32:27,0.0,117.208.149.39,42.219.147.238,41138,25,TCP,....S.,0,72,1,40,background
2016-04-11 16:35:27,0.0,237.153.46.197,42.219.147.238,0,2048,ICMP,.A....,0,72,1,28,background
2016-04-11 16:39:09,0.0,176.116.194.233,42.219.147.238,5106,4060,UDP,.A....,0,40,1,438,background
2016-04-11 16:39:52,1.016,185.223.217.122,42.219.147.238,54925,80,TCP,....S.,0,72,2,120,background
2016-04-11 16:42:38,0.0,60.96.49.142,42.219.147.238,5568,5060,UDP,.A....,0,40,1,443,background
2016-04-11 16:45:06,0.0,44.207.43.8,42.219.147.238,34274,44701,UDP,.A....,0,40,1,48,background
2016-04-11 16:45:43,0.0,47.51.28.6,42.219.147.238,48309,23,TCP,....S.,0,40,1,60,background
2016-04-11 16:45:44,0.0,36.37.160.108,42.219.147.238,19090,5062,TCP,....S.,0,0,1,40,background
2016-04-11 16:46:31,3.3960000000000004,80.10.79.181,42.219.147.238,36342,23,TCP,....S.,0,72,3,156,background
2016-04-11 16:46:54,0.0,80.9.184.176,42.219.147.238,53615,23,TCP,....S.,0,72,1,52,background
2016-04-11 16:48:43,0.0,36.190.213.106,42.219.147.238,63875,22,TCP,....S.,0,0,1,52,background
2016-04-11 16:51:43,0.0,188.31.235.216,42.219.147.238,80,29935,TCP,.A..S.,0,40,1,44,background
2016-04-11 16:53:55,0.0,213.82.166.3,42.219.147.238,6057,5060,UDP,.A....,0,40,1,441,background
2016-04-11 16:54:34,0.0,217.231.255.197,42.219.147.238,29941,3000,TCP,....S.,0,40,1,40,background
2016-04-11 16:55:32,0.0,32.100.20.28,42.219.147.238,41478,27017,TCP,....S.,0,40,1,40,background
2016-04-11 16:56:53,0.0,208.43.183.102,42.219.147.238,46090,8213,TCP,....S.,0,40,1,40,background
2016-04-11 17:00:19,0.0,176.116.194.233,42.219.147.238,5507,5072,UDP,.A....,0,40,1,438,background
2016-04-11 17:02:01,0.0,225.36.202.145,42.219.147.238,49686,8088,TCP,....S.,0,40,1,40,background
2016-04-11 17:03:52,0.0,223.220.106.111,42.219.147.238,80,63738,TCP,.A..S.,0,40,1,44,background
2016-04-11 17:09:42,3.0,221.24.53.14,42.219.147.238,3061,445,TCP,....S.,0,0,2,96,background
2016-04-11 17:21:50,0.0,176.116.194.233,42.219.147.238,5452,5074,UDP,.A....,0,40,1,437,background
2016-04-11 17:24:33,0.0,36.228.110.46,42.219.147.238,65519,5901,TCP,....S.,0,0,1,48,background
2016-04-11 17:25:29,3.3360000000000003,224.109.248.211,42.219.147.238,51345,23,TCP,....S.,0,72,3,156,background
2016-04-11 17:27:40,0.0,36.37.147.152,42.219.147.238,58661,22,TCP,....S.,0,2,1,52,background
2016-04-11 17:30:50,0.0,213.22.110.89,42.219.147.238,80,39302,TCP,.A..S.,0,40,2,88,background
2016-04-11 17:31:31,0.0,69.81.144.249,42.219.147.238,43139,53,UDP,.A....,0,40,1,60,background
2016-04-11 17:32:06,2.9760000000000004,201.45.173.68,42.219.147.238,2675,445,TCP,....S.,0,72,2,96,background
2016-04-11 17:33:40,0.0,198.132.44.182,42.219.147.238,16086,6881,UDP,.A....,0,40,1,132,background
2016-04-11 17:37:23,3.012,77.242.200.181,42.219.147.238,52775,23,TCP,....S.,0,40,2,120,background
2016-04-11 17:37:57,0.0,56.228.99.129,42.219.147.238,12902,520,UDP,.A....,0,72,1,52,background
2016-04-11 17:38:20,3.1439999999999997,244.205.228.54,42.219.147.238,37518,23,TCP,....S.,0,72,3,156,background
2016-04-11 17:39:26,0.0,92.45.51.184,42.219.147.238,42227,123,UDP,.A....,0,0,1,37,background
2016-04-11 17:42:24,9.0,64.1.233.11,42.219.147.238,44702,23,TCP,....S.,0,72,3,180,background
2016-04-11 17:42:51,0.0,176.116.194.233,42.219.147.238,5089,5075,UDP,.A....,0,40,1,439,background
2016-04-11 17:44:24,0.0,208.43.183.102,42.219.147.238,46090,8079,TCP,....S.,0,40,1,40,background
2016-04-11 17:44:48,2.928,84.160.162.168,42.219.147.238,1181,445,TCP,....S.,0,72,2,96,background
2016-04-11 17:45:01,0.0,225.230.253.115,42.219.147.238,6000,9200,TCP,....S.,0,40,1,40,background
2016-04-11 17:45:26,0.0,33.12.108.90,42.219.147.238,5386,5060,UDP,.A....,0,0,1,444,background
2016-04-11 17:49:38,0.0,44.4.61.106,42.219.147.238,47809,902,TCP,....S.,0,40,1,44,background
2016-04-11 17:49:40,0.0,44.4.61.106,42.219.147.238,47810,902,TCP,....S.,0,40,1,44,background
2016-04-11 17:50:05,0.996,89.27.219.54,42.219.147.238,49614,22,TCP,....S.,0,40,2,120,background
2016-04-11 17:50:24,0.0,242.103.60.163,42.219.147.238,41624,23,TCP,....S.,0,0,1,40,background
2016-04-11 17:50:31,0.0,69.39.92.230,42.219.147.238,25661,3389,TCP,....S.,0,40,1,48,background
2016-04-11 17:51:14,1.004,89.27.219.54,42.219.147.238,36188,8080,TCP,....S.,0,0,2,120,background
2016-04-11 17:52:23,0.992,89.27.219.54,42.219.147.238,50778,80,TCP,....S.,0,0,2,120,background
2016-04-11 17:52:34,0.0,200.143.188.207,42.219.147.238,49075,23,TCP,....S.,0,0,1,52,background
2016-04-11 18:02:15,0.0,32.100.20.28,42.219.147.238,41478,53,TCP,....S.,0,40,1,40,background
2016-04-11 18:04:04,0.0,176.116.194.233,42.219.147.238,5330,5065,UDP,.A....,0,40,1,439,background
2016-04-11 18:09:25,9.016,70.46.166.190,42.219.147.238,41345,4028,TCP,....S.,0,0,3,180,background
2016-04-11 18:11:49,0.0,218.12.179.68,42.219.147.238,51193,8080,TCP,....S.,0,0,1,40,background
2016-04-11 18:11:50,0.0,218.12.179.68,42.219.147.238,51193,8080,TCP,....S.,0,0,1,40,background
2016-04-11 18:14:30,0.0,204.91.46.232,42.219.147.238,48448,80,TCP,....S.,0,0,1,40,background
2016-04-11 18:15:01,0.0,182.42.182.186,42.219.147.238,9090,22,TCP,....S.,0,40,1,40,background
2016-04-11 18:15:29,9.024,200.139.248.167,42.219.147.238,41340,23,TCP,....S.,0,0,3,156,background
2016-04-11 18:15:41,0.0,200.139.248.167,42.219.147.238,41340,23,TCP,....S.,0,0,1,52,background
2016-04-11 18:15:42,21.055999999999997,200.139.248.167,42.219.147.238,41340,23,TCP,....S.,0,0,4,208,background
2016-04-11 18:20:26,0.0,36.190.211.206,42.219.147.238,49673,22,TCP,....S.,0,0,1,52,background
2016-04-11 18:24:39,0.0,213.22.48.114,42.219.147.238,443,60071,TCP,...R..,0,40,1,40,background
2016-04-11 18:25:22,0.0,176.116.194.233,42.219.147.238,5369,6000,UDP,.A....,0,40,1,438,background
2016-04-11 18:27:33,0.0,250.152.150.118,42.219.147.238,51314,8090,TCP,....S.,0,0,1,40,background
2016-04-11 18:28:12,0.0,105.190.91.120,42.219.147.238,5084,5060,UDP,.A....,0,40,1,443,background
2016-04-11 18:29:55,4.0,51.139.49.177,42.219.147.238,55325,23,TCP,....S.,0,72,3,180,background
2016-04-11 18:31:01,3.008,58.29.130.207,42.219.147.238,43534,23,TCP,....S.,0,40,2,104,background
2016-04-11 18:36:20,0.0,179.122.2.137,42.219.147.238,46519,5900,TCP,....S.,0,0,1,60,background
2016-04-11 18:40:59,0.0,208.43.183.74,42.219.147.238,49102,3389,TCP,....S.,0,40,1,48,background
2016-04-11 18:42:19,0.0,75.129.168.66,42.219.147.238,6000,9200,TCP,....S.,0,40,1,40,background
2016-04-11 18:46:35,0.0,176.116.194.233,42.219.147.238,5463,5040,UDP,.A....,0,40,1,437,background
2016-04-11 18:51:22,0.0,33.12.102.177,42.219.147.238,5168,5060,UDP,.A....,0,0,1,446,background
2016-04-11 18:52:07,0.0,198.132.25.203,42.219.147.238,13944,1177,TCP,....S.,0,40,1,40,background
2016-04-11 18:53:02,0.0,79.133.44.162,42.219.147.238,80,39622,TCP,.A..S.,0,40,1,44,background
2016-04-11 18:56:37,0.0,197.197.151.10,42.219.147.238,5236,5060,UDP,.A....,0,40,1,433,background
2016-04-11 19:02:17,0.0,41.28.255.1,42.219.147.238,48630,1072,TCP,....S.,0,0,1,40,background
2016-04-11 19:07:34,0.0,176.116.194.233,42.219.147.238,5218,6062,UDP,.A....,0,40,1,439,background
2016-04-11 19:07:36,0.0,105.190.154.245,42.219.147.238,0,771,ICMP,.A....,0,40,1,81,background
2016-04-11 19:14:51,0.0,217.231.240.77,42.219.147.238,13342,3052,TCP,....S.,0,40,1,40,background
2016-04-11 19:15:54,0.0,138.211.60.100,42.219.147.238,80,11611,TCP,.A..S.,0,40,1,44,background
2016-04-11 19:16:10,0.0,56.228.99.129,42.219.147.238,0,2048,ICMP,.A....,0,72,1,40,background
2016-04-11 19:20:24,0.0,33.12.111.207,42.219.147.238,5085,5060,UDP,.A....,0,0,1,445,background
2016-04-11 19:21:35,0.0,67.116.103.246,42.219.147.238,5112,5060,UDP,.A....,0,40,1,443,background
2016-04-11 19:26:23,0.0,73.60.0.219,42.219.147.238,12215,5902,TCP,....S.,0,40,1,40,background
2016-04-11 19:31:15,0.0,165.45.203.178,42.219.147.238,65097,22,TCP,....S.,0,40,1,48,background
2016-04-11 19:31:46,0.0,208.43.184.193,42.219.147.238,45001,1201,TCP,....S.,0,40,1,40,background
2016-04-11 19:32:21,2.9960000000000004,218.37.86.146,42.219.147.238,42920,23,TCP,....S.,0,40,2,104,background
2016-04-11 19:33:04,0.0,225.145.43.226,42.219.147.238,9068,1701,UDP,.A....,0,40,1,135,background
2016-04-11 19:36:35,0.0,60.133.101.194,42.219.147.238,5135,5060,UDP,.A....,0,40,1,445,background
2016-04-11 19:39:59,0.0,118.234.45.73,42.219.147.238,64717,3389,TCP,....S.,0,0,1,52,background
2016-04-11 19:45:34,0.0,165.28.39.233,42.219.147.238,34680,10243,TCP,....S.,0,16,1,40,background
2016-04-11 19:45:35,0.0,165.28.39.233,42.219.147.238,34680,10243,TCP,....S.,0,16,1,40,background
2016-04-11 19:52:24,0.0,33.12.108.90,42.219.147.238,5442,5060,UDP,.A....,0,0,1,442,background
2016-04-11 19:55:25,0.0,84.139.12.90,42.219.147.238,6667,30838,TCP,.A..S.,0,72,1,48,background
2016-04-11 19:57:11,0.0,240.111.145.48,42.219.147.238,80,24703,TCP,.A..S.,0,0,1,44,background
2016-04-11 19:57:12,0.0,240.111.145.48,42.219.147.238,80,24703,TCP,.A..S.,0,0,1,44,background
2016-04-11 19:58:53,9.0,58.82.239.148,42.219.147.238,53174,23,TCP,....S.,0,40,3,180,background
2016-04-11 20:02:41,0.0,138.211.60.100,42.219.147.238,80,18558,TCP,.A..S.,0,40,1,44,background
2016-04-11 20:03:37,0.0,185.60.79.173,42.219.147.238,57296,445,TCP,....S.,0,0,1,40,background
2016-04-11 20:03:38,0.0,185.60.79.173,42.219.147.238,57296,445,TCP,....S.,0,0,1,40,background
2016-04-11 20:06:31,8.996,224.36.69.216,42.219.147.238,43519,23,TCP,....S.,0,40,2,120,background
2016-04-11 20:08:08,0.0,178.115.252.38,42.219.147.238,8457,38651,TCP,.A..S.,0,0,1,44,background
2016-04-11 20:08:09,0.0,178.115.252.38,42.219.147.238,8457,38651,TCP,.A..S.,0,0,1,44,background
2016-04-11 20:08:25,0.0,73.133.93.64,42.219.147.238,6000,1433,TCP,....S.,0,40,1,40,background
2016-04-11 20:09:21,0.0,40.137.236.9,42.219.147.238,5122,5060,UDP,.A....,0,0,1,441,background
2016-04-11 20:09:22,0.0,40.137.236.9,42.219.147.238,5122,5060,UDP,.A....,0,0,1,441,background
2016-04-11 20:09:33,0.0,178.24.82.227,42.219.147.238,12200,55002,TCP,....S.,0,72,1,40,background
2016-04-11 20:09:46,0.0,73.60.0.219,42.219.147.238,12202,3389,TCP,....S.,0,40,1,40,background
2016-04-11 20:10:48,0.0,69.60.250.71,42.219.147.238,60807,123,UDP,.A....,0,40,1,40,background
2016-04-11 20:13:07,0.0,214.16.227.98,42.219.147.238,80,24114,TCP,.A..S.,0,40,1,40,blacklist
2016-04-11 20:13:14,2.952,221.40.100.67,42.219.147.238,4077,445,TCP,....S.,0,72,2,104,background
2016-04-11 20:14:59,0.0,236.125.201.147,42.219.147.238,58300,137,UDP,.A....,0,40,1,78,background
2016-04-11 20:18:36,0.0,185.60.79.173,42.219.147.238,58683,445,TCP,....S.,0,0,1,40,background
2016-04-11 20:18:37,0.0,185.60.79.173,42.219.147.238,58683,445,TCP,....S.,0,0,1,40,background
2016-04-11 20:21:03,0.0,69.39.92.190,42.219.147.238,24257,3389,TCP,....S.,0,40,1,48,background
2016-04-11 20:22:13,3.0039999999999996,50.102.164.229,42.219.147.238,42337,23,TCP,....S.,0,40,2,120,background
2016-04-11 20:25:02,0.0,214.16.227.98,42.219.147.238,80,9696,TCP,.A..S.,0,40,1,40,blacklist
2016-04-11 20:25:11,0.0,73.60.0.219,42.219.147.238,12216,22,TCP,....S.,0,40,1,40,background
2016-04-11 20:26:07,0.0,218.153.83.62,42.219.147.238,0,0,ICMP,.A....,0,4,1,48,background
2016-04-11 20:27:26,0.0,221.177.81.97,42.219.147.238,40180,23,TCP,....S.,0,40,1,40,background
2016-04-11 20:29:03,0.0,216.156.202.228,42.219.147.238,5278,5060,UDP,.A....,0,40,1,445,background
2016-04-11 20:29:49,0.0,56.228.69.74,42.219.147.238,13686,1434,UDP,.A....,0,0,1,29,background
2016-04-11 20:36:56,0.0,69.124.8.108,42.219.147.238,42589,22,TCP,....S.,0,40,1,40,background
2016-04-11 20:37:36,0.0,43.28.221.2,42.219.147.238,41792,443,TCP,....S.,0,40,1,40,background
2016-04-11 20:40:11,0.0,32.100.20.28,42.219.147.238,41478,5560,TCP,....S.,0,40,1,40,background
2016-04-11 20:41:52,0.0,185.60.79.173,42.219.147.238,59614,445,TCP,....S.,0,0,1,40,background
2016-04-11 20:41:53,0.0,185.60.79.173,42.219.147.238,59614,445,TCP,....S.,0,0,1,40,background
2016-04-11 20:42:12,0.0,198.132.25.203,42.219.147.238,42345,523,UDP,.A....,0,40,1,48,background
2016-04-11 20:43:09,5.62,42.216.49.94,42.219.147.238,60114,53413,UDP,.A....,0,0,3,87,background
2016-04-11 20:43:10,5.62,42.216.49.94,42.219.147.238,60114,53413,UDP,.A....,0,0,3,87,background
2016-04-11 20:46:50,0.0,69.9.102.188,42.219.147.238,80,23748,TCP,.A..S.,0,0,1,44,background
2016-04-11 20:46:51,0.0,69.9.102.188,42.219.147.238,80,23748,TCP,.A..S.,0,0,1,44,background
2016-04-11 20:50:24,0.0,217.231.248.88,42.219.147.238,3389,3389,TCP,....S.,0,40,1,40,background
2016-04-11 20:53:03,0.0,248.18.149.201,42.219.147.238,52258,22,TCP,....S.,0,0,1,48,background
2016-04-11 20:54:24,0.0,73.60.0.219,42.219.147.238,12201,3306,TCP,....S.,0,40,1,40,background
2016-04-11 20:57:46,1.056,213.20.218.42,42.219.147.238,5348,445,TCP,....S.,0,40,2,96,background
2016-04-11 20:57:52,0.0,213.20.218.42,42.219.147.238,58147,445,TCP,....S.,0,40,1,48,background
2016-04-11 21:02:11,0.0,185.60.79.173,42.219.147.238,40721,445,TCP,....S.,0,0,1,40,background
2016-04-11 21:04:24,0.0,56.228.70.238,42.219.147.238,14166,6666,TCP,....S.,0,0,1,40,background
2016-04-11 21:04:55,0.0,75.129.109.97,42.219.147.238,57910,1723,TCP,....S.,0,40,1,40,background
2016-04-11 21:11:29,0.0,198.132.37.185,42.219.147.238,31632,10000,TCP,....S.,0,40,1,40,background
2016-04-11 21:14:55,0.0,69.81.144.249,42.219.147.238,48452,123,UDP,.A....,0,40,1,36,background
2016-04-11 21:15:52,0.0,93.179.112.232,42.219.147.238,53081,5904,TCP,....S.,0,0,1,40,background
2016-04-11 21:20:03,0.0,73.133.93.64,42.219.147.238,6000,1433,TCP,....S.,0,40,1,40,background
2016-04-11 21:20:54,0.0,46.135.211.145,42.219.147.238,43138,5900,TCP,....S.,0,40,1,40,background
2016-04-11 21:26:55,0.0,42.112.137.119,42.219.147.238,5233,5060,UDP,.A....,0,40,1,443,background
2016-04-11 21:27:04,0.0,168.98.166.241,42.219.147.238,53467,5900,TCP,....S.,0,0,1,48,background
2016-04-11 21:33:06,0.0,217.231.255.195,42.219.147.238,22449,3306,TCP,....S.,0,40,1,40,background
2016-04-11 21:35:28,0.0,69.36.95.92,42.219.147.238,19000,26633,TCP,...R..,0,72,1,40,background
2016-04-11 21:37:44,0.0,43.141.46.170,42.219.147.238,80,21516,TCP,.A..S.,0,72,1,44,background
2016-04-11 21:39:10,0.0,208.43.183.102,42.219.147.238,46090,8000,TCP,....S.,0,40,1,40,background
2016-04-11 21:44:17,0.0,216.249.49.156,42.219.147.238,42660,23,TCP,....S.,0,0,1,60,background
2016-04-11 21:45:45,3.008,210.176.75.231,42.219.147.238,51942,23,TCP,....S.,0,0,2,104,background
2016-04-11 21:48:23,0.0,213.22.42.41,42.219.147.238,29000,28593,TCP,.A..S.,0,40,1,44,background
2016-04-11 21:48:56,0.0,56.228.69.101,42.219.147.238,49717,55554,TCP,....S.,0,0,1,40,background
2016-04-11 21:49:37,0.0,86.128.235.174,42.219.147.238,5121,5060,UDP,.A....,0,0,1,443,background
2016-04-11 21:50:10,0.0,240.62.27.30,42.219.147.238,41944,21320,TCP,....S.,0,0,1,40,background
2016-04-11 21:50:11,0.0,240.62.27.30,42.219.147.238,41944,21320,TCP,....S.,0,0,1,40,background
2016-04-11 21:59:37,0.0,208.43.182.148,42.219.147.238,54821,29081,TCP,....S.,0,40,1,40,background
2016-04-11 22:06:29,0.0,240.111.145.48,42.219.147.238,80,35731,TCP,.A..S.,0,0,1,44,background
2016-04-11 22:14:24,9.0,64.221.136.116,42.219.147.238,49693,23,TCP,....S.,0,0,3,180,background
2016-04-11 22:15:13,2.9960000000000004,36.230.102.240,42.219.147.238,1167,445,TCP,....S.,0,43,2,96,background
2016-04-11 22:18:47,0.0,101.202.193.18,42.219.147.238,52211,56823,TCP,.A..S.,0,40,1,44,background
2016-04-11 22:20:57,2.988,235.140.3.8,42.219.147.238,1908,445,TCP,....S.,0,40,2,96,background
2016-04-11 22:21:59,0.0,51.128.77.9,42.219.147.238,40894,8080,TCP,....S.,0,40,1,60,background
2016-04-11 22:22:01,0.0,92.40.124.145,42.219.147.238,6263,5060,UDP,.A....,0,40,1,447,background
2016-04-11 22:22:10,0.0,82.7.67.216,42.219.147.238,38468,1604,TCP,....S.,0,0,1,40,background
2016-04-11 22:22:11,0.0,82.7.67.216,42.219.147.238,38468,1604,TCP,....S.,0,0,1,40,background
2016-04-11 22:23:03,0.0,32.100.20.28,42.219.147.238,41478,5900,TCP,....S.,0,40,1,40,background
2016-04-11 22:23:18,0.0,33.12.108.90,42.219.147.238,5391,5060,UDP,.A....,0,0,1,445,background
2016-04-11 22:23:22,0.0,192.253.239.30,42.219.147.238,55428,22,TCP,....S.,0,72,1,40,background
2016-04-11 22:24:11,0.0,240.111.145.48,42.219.147.238,80,53642,TCP,.A..S.,0,0,1,44,background
2016-04-11 22:29:06,0.0,75.129.109.157,42.219.147.238,44156,123,UDP,.A....,0,40,1,76,background
2016-04-11 22:29:44,0.0,170.142.80.51,42.219.147.238,49320,22,TCP,....S.,0,72,1,52,background
2016-04-11 22:29:57,0.0,76.225.28.249,42.219.147.238,55973,123,UDP,.A....,0,24,1,76,background
2016-04-11 22:32:12,0.0,242.100.158.153,42.219.147.238,43811,34567,TCP,....S.,0,0,1,40,background
2016-04-11 22:33:29,0.0,240.111.145.48,42.219.147.238,80,4952,TCP,.A..S.,0,0,1,44,background
2016-04-11 22:35:08,0.0,33.12.117.59,42.219.147.238,5447,5060,UDP,.A....,0,0,1,443,background
2016-04-11 22:40:57,0.0,185.60.79.173,42.219.147.238,46149,445,TCP,....S.,0,0,1,40,background
2016-04-11 22:41:10,3.0439999999999996,237.179.184.85,42.219.147.238,1518,445,TCP,....S.,0,40,2,96,background
2016-04-11 22:41:12,3.02,69.21.157.103,42.219.147.238,1669,445,TCP,....S.,0,0,2,96,background
2016-04-11 22:41:37,0.0,69.12.45.239,42.219.147.238,1720,44054,TCP,.A..S.,0,0,1,44,background
2016-04-11 22:43:04,0.0,221.177.81.97,42.219.147.238,58387,6379,TCP,....S.,0,40,1,40,background
2016-04-11 22:43:46,0.0,240.111.145.48,42.219.147.238,80,16883,TCP,.A..S.,0,0,1,44,background
2016-04-11 22:44:01,0.0,182.42.182.186,42.219.147.238,9090,22,TCP,....S.,0,40,1,40,background
2016-04-11 22:45:23,8.984,234.217.185.35,42.219.147.238,3028,23,TCP,....S.,0,40,3,180,background
2016-04-11 22:47:06,0.0,47.149.222.98,42.219.147.238,20598,4899,TCP,....S.,0,40,1,40,background
2016-04-11 22:48:38,0.0,240.111.145.48,42.219.147.238,80,41623,TCP,.A..S.,0,0,1,44,background
2016-04-11 22:51:16,2.9560000000000004,34.170.232.52,42.219.147.238,1618,445,TCP,....S.,0,40,2,96,background
2016-04-11 22:52:32,0.0,240.111.145.48,42.219.147.238,80,3745,TCP,.A..S.,0,0,1,44,background
2016-04-11 22:57:47,3.016,213.186.212.160,42.219.147.238,1030,445,TCP,....S.,0,0,2,96,background
2016-04-11 22:57:47,3.02,213.186.212.160,42.219.147.238,1030,445,TCP,....S.,0,0,2,96,background
2016-04-11 23:01:37,0.0,33.12.99.120,42.219.147.238,5117,5060,UDP,.A....,0,0,1,446,background
2016-04-11 23:07:34,3.0,204.223.23.73,42.219.147.238,52896,22,TCP,....S.,0,2,2,104,background
2016-04-11 23:07:34,3.0039999999999996,204.223.23.73,42.219.147.238,52896,22,TCP,....S.,0,2,2,104,background
2016-04-11 23:09:47,0.0,69.39.92.230,42.219.147.238,12265,3388,TCP,....S.,0,40,1,48,background
2016-04-11 23:13:47,2.952,239.65.223.195,42.219.147.238,2407,445,TCP,....S.,0,72,2,96,background
2016-04-11 23:15:50,0.0,213.22.48.114,42.219.147.238,0,771,ICMP,.A....,0,40,1,96,background
2016-04-11 23:22:38,0.0,228.137.50.146,42.219.147.238,48039,23,TCP,....S.,0,40,1,60,background
2016-04-11 23:26:42,0.0,33.12.107.16,42.219.147.238,5073,5060,UDP,.A....,0,0,1,444,background
2016-04-11 23:26:43,0.0,33.12.107.16,42.219.147.238,5073,5060,UDP,.A....,0,0,1,444,background
2016-04-11 23:29:25,0.0,198.132.44.182,42.219.147.238,62238,4444,TCP,....S.,0,40,1,40,background
2016-04-11 23:33:25,0.0,69.81.144.249,42.219.147.238,40278,161,UDP,.A....,0,40,1,61,background
2016-04-11 23:35:59,9.0,173.10.242.193,42.219.147.238,45620,23,TCP,....S.,0,72,3,180,background
2016-04-11 23:36:25,0.0,192.253.239.33,42.219.147.238,34009,1337,TCP,....S.,0,72,1,40,background
2016-04-11 23:37:03,0.0,213.84.123.229,42.219.147.238,33239,139,TCP,....S.,0,0,1,40,background
2016-04-11 23:46:59,0.0,240.111.145.48,42.219.147.238,80,15581,TCP,.A..S.,0,0,1,44,background
2016-04-11 23:52:26,0.0,62.149.232.134,42.219.147.238,12047,3389,TCP,....S.,0,0,1,48,background
2016-04-11 23:53:38,0.0,222.156.17.70,42.219.147.238,33005,3389,TCP,....S.,0,40,1,40,background
2016-04-11 23:54:49,0.0,192.253.239.7,42.219.147.238,60859,31337,TCP,....S.,0,72,1,40,background
2016-04-11 23:55:46,9.0,233.28.178.194,42.219.147.238,44269,23,TCP,....S.,0,72,3,180,background
2016-04-11 23:57:25,9.0,64.102.111.138,42.219.147.238,53959,445,TCP,....S.,0,40,3,144,background
2016-04-11 23:57:41,3.0239999999999996,101.88.108.96,42.219.147.238,61607,7071,TCP,....S.,0,42,2,104,background
2016-04-11 23:57:47,0.0,101.88.108.96,42.219.147.238,61607,7071,TCP,....S.,0,40,1,48,background
2016-04-11 23:57:59,0.0,213.55.165.103,42.219.147.238,5064,5060,UDP,.A....,0,72,1,435,background
2016-04-11 23:59:44,2.94,213.134.106.145,42.219.147.238,63258,445,TCP,....S.,0,72,2,96,background
