te,td,sa,da,sp,dp,pr,flg,fwd,stos,pkt,byt,lable,byt-1,teT,teS,teDelta
2016-04-11 00:02:52,3.112,65.165.181.199,42.219.158.232,48522,23,TCP,....S.,0,40,2,104,background,2,0,172,0
2016-04-11 00:03:10,0.0,32.100.20.28,42.219.158.232,41478,53,TCP,....S.,0,40,1,40,background,104,0,190,18
2016-04-11 00:06:18,0.0,176.116.195.149,42.219.158.232,5185,5074,UDP,.A....,0,40,1,439,background,40,0,378,188
2016-04-11 00:08:57,0.0,55.5.22.217,42.219.158.232,0,2048,ICMP,.A....,0,0,1,32,background,439,0,537,159
2016-04-11 00:10:36,0.0,78.71.64.22,42.219.158.232,59117,22,TCP,....S.,0,8,1,48,background,32,0,636,99
2016-04-11 00:11:26,2.924,66.111.35.27,42.219.158.232,3365,445,TCP,....S.,0,72,2,96,background,48,0,686,50
2016-04-11 00:14:42,0.0,32.100.20.28,42.219.158.232,41478,8080,TCP,....S.,0,40,1,40,background,96,0,882,196
2016-04-11 00:16:00,0.0,246.183.3.40,42.219.158.232,47197,3306,TCP,....S.,0,40,1,40,background,40,0,960,78
2016-04-11 00:17:56,0.0,56.207.76.118,42.219.158.232,999,53,UDP,.A....,0,40,1,65,background,40,0,1076,116
2016-04-11 00:18:25,0.0,204.223.22.109,42.219.158.232,46681,5003,TCP,....S.,0,0,1,40,background,65,0,1105,29
2016-04-11 00:21:30,0.0,42.9.7.17,42.219.158.232,4208,445,TCP,....S.,0,72,1,48,background,40,0,1290,185
2016-04-11 00:22:50,0.0,176.116.195.149,42.219.158.232,5218,5075,UDP,.A....,0,40,1,438,background,48,0,1370,80
2016-04-11 00:24:23,3.064,41.164.153.174,42.219.158.232,4222,445,TCP,....S.,0,40,2,96,background,438,0,1463,93
2016-04-11 00:24:41,0.0,238.80.87.172,42.219.158.232,0,0,TCP,....S.,0,40,1,60,background,96,0,1481,18
2016-04-11 00:27:09,0.0,33.12.117.59,42.219.158.232,5484,5580,UDP,.A....,0,0,1,440,background,60,0,1629,148
2016-04-11 00:27:32,0.0,217.231.240.54,42.219.158.232,39255,2121,TCP,....S.,0,40,1,40,background,440,0,1652,23
2016-04-11 00:28:10,0.0,33.12.107.16,42.219.158.232,5060,5060,UDP,.A....,0,0,1,442,background,40,0,1690,38
2016-04-11 00:35:49,0.0,182.42.182.186,42.219.158.232,9090,22,TCP,....S.,0,40,1,40,background,442,0,2149,459
2016-04-11 00:36:59,0.0,41.144.248.22,42.219.158.232,49810,8080,TCP,....S.,0,0,1,40,background,40,0,2219,70
2016-04-11 00:39:22,0.0,176.116.195.149,42.219.158.232,5137,5065,UDP,.A....,0,40,1,440,background,40,0,2362,143
2016-04-11 00:42:55,0.0,56.207.76.118,42.219.158.232,999,53,UDP,.A....,0,40,1,65,background,440,0,2575,213
2016-04-11 00:43:04,0.0,225.230.216.251,42.219.158.232,6000,3306,TCP,....S.,0,40,1,40,background,65,0,2584,9
2016-04-11 00:44:41,0.0,237.41.247.88,42.219.158.232,20000,53,UDP,.A....,0,40,1,69,background,40,0,2681,97
2016-04-11 00:44:59,0.0,60.133.101.194,42.219.158.232,5145,5060,UDP,.A....,0,40,1,443,background,69,0,2699,18
2016-04-11 00:47:47,0.0,82.167.246.233,42.219.158.232,41620,1900,UDP,.A....,0,0,1,125,background,443,0,2867,168
2016-04-11 00:47:59,0.0,240.56.203.200,42.219.158.232,0,0,TCP,U.P...,0,0,1,60,background,125,0,2879,12
2016-04-11 00:48:33,3.0,164.231.63.251,42.219.158.232,18890,445,TCP,....S.,0,72,2,96,background,60,0,2913,34
2016-04-11 00:52:47,0.0,216.156.202.228,42.219.158.232,5068,5060,UDP,.A....,0,40,1,444,background,96,0,3167,254
2016-04-11 00:55:54,0.0,176.116.195.149,42.219.158.232,5090,6000,UDP,.A....,0,40,1,438,background,444,0,3354,187
2016-04-11 00:58:26,0.0,224.7.72.145,42.219.158.232,34134,8080,TCP,....S.,0,40,1,40,background,438,0,3506,152
2016-04-11 00:59:14,0.0,218.31.93.168,42.219.158.232,55142,23,TCP,....S.,0,0,1,52,background,40,0,3554,48
2016-04-11 01:02:52,2.96,84.4.109.121,42.219.158.232,3015,445,TCP,....S.,0,72,2,96,background,52,1,3772,218
2016-04-11 01:03:50,0.0,73.213.27.178,42.219.158.232,20001,53,UDP,.A....,0,40,1,69,background,96,1,3830,58
2016-04-11 01:07:27,0.0,242.100.158.153,42.219.158.232,57988,34567,TCP,....S.,0,0,1,40,background,69,1,4047,217
2016-04-11 01:07:59,0.0,117.208.149.210,42.219.158.232,47324,143,TCP,....S.,0,72,1,40,background,40,1,4079,32
2016-04-11 01:07:59,0.0,117.208.149.211,42.219.158.232,45421,143,TCP,....S.,0,72,1,40,background,40,1,4079,0
2016-04-11 01:11:02,0.0,213.82.166.3,42.219.158.232,5724,5060,UDP,.A....,0,40,1,440,background,40,1,4262,183
2016-04-11 01:12:26,0.0,176.116.195.149,42.219.158.232,5108,5040,UDP,.A....,0,40,1,438,background,440,1,4346,84
2016-04-11 01:15:36,0.0,208.43.183.102,42.219.158.232,49821,8888,TCP,....S.,0,40,1,40,background,438,1,4536,190
2016-04-11 01:20:03,0.0,238.80.87.172,42.219.158.232,0,0,TCP,UA...F,0,40,1,60,background,40,1,4803,267
2016-04-11 01:26:55,3.0,224.36.148.63,42.219.158.232,45271,23,TCP,....S.,0,40,2,120,background,60,1,5215,412
2016-04-11 01:28:03,0.0,69.81.144.249,42.219.158.232,59952,17,UDP,.A....,0,40,1,28,background,120,1,5283,68
2016-04-11 01:33:58,0.0,227.123.66.35,42.219.158.232,52840,3128,TCP,....S.,0,40,1,40,background,28,1,5638,355
2016-04-11 01:35:08,0.0,136.97.15.123,42.219.158.232,14115,3389,TCP,....S.,0,40,1,52,background,40,1,5708,70
2016-04-11 01:35:08,0.0,246.205.68.186,42.219.158.232,14064,22,TCP,....S.,0,40,1,48,background,52,1,5708,0
2016-04-11 01:35:27,0.0,124.57.65.249,42.219.158.232,6667,61116,TCP,...R..,0,8,1,40,background,48,1,5727,19
2016-04-11 01:37:35,3.0,238.177.240.112,42.219.158.232,41167,23,TCP,....S.,0,72,2,104,background,40,1,5855,128
2016-04-11 01:40:41,4.98,200.225.239.172,42.219.158.232,39434,23,TCP,....S.,0,0,6,360,background,104,1,6041,186
2016-04-11 01:45:34,0.0,33.12.99.120,42.219.158.232,5380,5060,UDP,.A....,0,0,1,445,background,360,1,6334,293
2016-04-11 01:47:26,0.0,56.207.76.118,42.219.158.232,999,53,UDP,.A....,0,40,1,65,background,445,1,6446,112
2016-04-11 01:53:23,8.816,152.252.119.40,42.219.158.232,46096,23,TCP,....S.,0,72,2,120,background,65,1,6803,357
2016-04-11 01:53:29,0.0,214.230.152.102,42.219.158.232,65511,23452,UDP,.A....,0,40,1,210,background,120,1,6809,6
2016-04-11 01:53:35,0.0,36.37.136.91,42.219.158.232,5060,5060,UDP,.A....,0,0,1,434,background,210,1,6815,6
2016-04-11 01:53:35,0.0,56.228.69.74,42.219.158.232,27221,7,UDP,.A....,0,0,1,32,background,434,1,6815,0
2016-04-11 01:53:44,0.0,44.34.124.165,42.219.158.232,7000,23452,UDP,.A....,0,0,1,138,background,32,1,6824,9
2016-04-11 01:53:57,0.0,212.49.131.14,42.219.158.232,16500,23452,UDP,.A....,0,0,1,137,background,138,1,6837,13
2016-04-11 01:54:02,0.0,216.186.56.42,42.219.158.232,6576,23452,UDP,.A....,0,0,1,220,background,137,1,6842,5
2016-04-11 01:56:22,0.0,133.78.173.255,42.219.158.232,64857,23452,UDP,.A....,0,40,1,158,background,220,1,6982,140
2016-04-11 01:56:22,0.0,133.78.173.255,42.219.158.232,64859,23452,UDP,.A....,0,40,1,161,background,158,1,6982,0
2016-04-11 01:56:31,9.0,33.1.81.87,42.219.158.232,3239,23,TCP,....S.,0,72,3,180,background,161,1,6991,9
2016-04-11 01:58:50,0.0,69.124.8.90,42.219.158.232,38328,123,UDP,.A....,0,40,1,37,background,180,1,7130,139
2016-04-11 01:59:22,0.0,210.40.54.60,42.219.158.232,53688,23452,UDP,.A....,0,40,1,137,background,37,1,7162,32
2016-04-11 01:59:22,0.0,210.40.54.60,42.219.158.232,53689,23452,UDP,.A....,0,40,1,137,background,137,1,7162,0
2016-04-11 02:01:31,9.0,72.228.239.40,42.219.158.232,4419,4028,TCP,....S.,0,72,3,180,background,137,2,7291,129
2016-04-11 02:11:59,3.004,237.141.204.68,42.219.158.232,34262,23,TCP,....S.,0,40,2,104,background,180,2,7919,628
2016-04-11 02:18:03,0.0,222.156.17.131,42.219.158.232,46690,9443,TCP,....S.,0,40,1,40,background,104,2,8283,364
2016-04-11 02:18:18,0.0,222.156.17.131,42.219.158.232,46690,8443,TCP,....S.,0,40,1,40,background,40,2,8298,15
2016-04-11 02:18:24,0.0,222.156.17.131,42.219.158.232,46690,4444,TCP,....S.,0,40,1,40,background,40,2,8304,6
2016-04-11 02:18:50,0.0,222.156.17.131,42.219.158.232,46690,443,TCP,....S.,0,40,1,40,background,40,2,8330,26
2016-04-11 02:18:51,0.0,222.156.17.131,42.219.158.232,46690,5443,TCP,....S.,0,40,1,40,background,40,2,8331,1
2016-04-11 02:20:59,0.0,208.43.184.193,42.219.158.232,36294,49320,TCP,....S.,0,40,1,40,background,40,2,8459,128
2016-04-11 02:25:13,2.9960000000000004,49.184.219.1,42.219.158.232,3597,23,TCP,....S.,0,0,2,120,background,40,2,8713,254
2016-04-11 02:33:24,0.0,247.79.40.192,42.219.158.232,0,0,TCP,UAP...,0,40,1,60,background,120,2,9204,491
2016-04-11 02:38:41,0.0,41.28.255.1,42.219.158.232,53988,1072,TCP,....S.,0,0,1,40,background,60,2,9521,317
2016-04-11 02:41:56,9.0,64.37.42.29,42.219.158.232,37399,80,TCP,....S.,0,0,3,180,background,40,2,9716,195
2016-04-11 02:43:04,0.0,228.115.176.239,42.219.158.232,6000,1433,TCP,....S.,0,40,1,40,background,180,2,9784,68
2016-04-11 02:43:30,0.0,242.101.133.245,42.219.158.232,57339,3127,TCP,....S.,0,0,1,40,background,40,2,9810,26
2016-04-11 02:46:33,0.0,208.43.183.102,42.219.158.232,49821,9530,TCP,....S.,0,40,1,40,background,40,2,9993,183
2016-04-11 02:50:19,0.0,248.24.211.32,42.219.158.232,6000,3306,TCP,....S.,0,16,1,40,background,40,2,10219,226
2016-04-11 02:51:03,0.0,221.28.173.245,42.219.158.232,53648,80,TCP,....S.,0,0,1,40,background,40,2,10263,44
2016-04-11 02:51:31,0.0,69.81.144.249,42.219.158.232,0,2048,ICMP,.A....,0,40,1,32,background,40,2,10291,28
2016-04-11 02:53:24,0.0,217.231.240.101,42.219.158.232,65106,2160,TCP,....S.,0,40,1,40,background,32,2,10404,113
2016-04-11 02:54:17,0.0,32.100.20.28,42.219.158.232,41478,27017,TCP,....S.,0,40,1,40,background,40,2,10457,53
2016-04-11 02:57:28,0.0,36.80.70.244,42.219.158.232,5100,5060,UDP,.A....,0,40,1,442,background,40,2,10648,191
2016-04-11 02:58:18,0.0,68.137.244.158,42.219.158.232,37061,69,UDP,.A....,0,0,1,42,background,442,2,10698,50
2016-04-11 02:59:59,0.0,56.228.87.2,42.219.158.232,34680,9191,TCP,....S.,0,16,1,40,background,42,2,10799,101
2016-04-11 03:03:06,0.0,68.137.135.229,42.219.158.232,35960,623,UDP,.A....,0,0,1,51,background,40,3,10986,187
2016-04-11 03:04:26,0.0,36.80.70.244,42.219.158.232,5100,5060,UDP,.A....,0,40,1,440,background,51,3,11066,80
2016-04-11 03:13:21,9.356,70.8.151.155,42.219.158.232,46061,4028,TCP,....S.,0,0,3,180,background,440,3,11601,535
2016-04-11 03:18:03,3.064,238.179.10.135,42.219.158.232,1330,445,TCP,....S.,0,72,2,96,background,180,3,11883,282
2016-04-11 03:21:46,0.0,208.43.183.102,42.219.158.232,49821,8089,TCP,....S.,0,40,1,40,background,96,3,12106,223
2016-04-11 03:22:20,0.0,246.7.234.109,42.219.158.232,12200,8080,TCP,....S.,0,72,1,40,background,40,3,12140,34
2016-04-11 03:26:57,0.0,43.42.79.244,42.219.158.232,55297,137,UDP,.A....,0,0,1,78,background,40,3,12417,277
2016-04-11 03:29:57,0.0,238.177.105.92,42.219.158.232,51436,22,TCP,....S.,0,72,1,52,background,78,3,12597,180
2016-04-11 03:35:33,0.0,233.198.23.219,42.219.158.232,6000,22,TCP,....S.,0,40,1,40,background,52,3,12933,336
2016-04-11 03:40:48,0.0,73.60.0.219,42.219.158.232,12208,5901,TCP,....S.,0,40,1,40,background,40,3,13248,315
2016-04-11 03:42:28,0.0,240.41.208.134,42.219.158.232,33001,3389,TCP,....S.,0,0,1,40,background,40,3,13348,100
2016-04-11 03:49:31,0.0,73.60.0.219,42.219.158.232,12211,22,TCP,....S.,0,40,1,40,background,40,3,13771,423
2016-04-11 03:49:46,0.0,213.55.165.103,42.219.158.232,5064,5060,UDP,.A....,0,72,1,432,background,40,3,13786,15
2016-04-11 03:52:18,0.0,69.55.59.87,42.219.158.232,34184,53,UDP,.A....,0,40,1,56,background,432,3,13938,152
2016-04-11 03:55:08,0.0,240.62.27.30,42.219.158.232,43173,21320,TCP,....S.,0,0,1,40,background,56,3,14108,170
2016-04-11 03:57:04,2.972,178.184.125.187,42.219.158.232,4120,445,TCP,....S.,0,0,2,96,background,40,3,14224,116
2016-04-11 03:58:28,3.072,210.156.141.81,42.219.158.232,49556,23,TCP,....S.,0,0,4,240,background,96,3,14308,84
2016-04-11 04:01:15,0.0,198.132.27.142,42.219.158.232,31632,2083,TCP,....S.,0,40,1,40,background,240,4,14475,167
2016-04-11 04:07:22,0.0,182.36.118.145,42.219.158.232,80,26604,TCP,.A..S.,0,40,1,44,background,40,4,14842,367
2016-04-11 04:08:53,0.0,73.60.0.219,42.219.158.232,12212,3306,TCP,....S.,0,40,1,40,background,44,4,14933,91
2016-04-11 04:11:55,0.0,242.100.247.131,42.219.158.232,60770,8888,TCP,....S.,0,0,1,40,background,40,4,15115,182
2016-04-11 04:13:00,0.0,62.100.126.36,42.219.158.232,5141,5060,UDP,.A....,0,0,1,433,background,40,4,15180,65
2016-04-11 04:13:52,0.0,73.60.0.219,42.219.158.232,12211,3389,TCP,....S.,0,40,1,40,background,433,4,15232,52
2016-04-11 04:19:47,2.9960000000000004,235.218.160.46,42.219.158.232,64665,445,TCP,....S.,0,72,2,96,background,40,4,15587,355
2016-04-11 04:27:41,0.0,242.100.155.243,42.219.158.232,47816,8080,TCP,....S.,0,0,1,40,background,96,4,16061,474
2016-04-11 04:29:10,0.0,198.132.59.191,42.219.158.232,55378,9600,TCP,....S.,0,40,1,40,background,40,4,16150,89
2016-04-11 04:29:48,0.0,194.231.171.145,42.219.158.232,34680,8010,TCP,....S.,0,40,1,40,background,40,4,16188,38
2016-04-11 04:30:39,0.0,68.137.135.221,42.219.158.232,50145,53413,UDP,.A....,0,0,1,29,background,40,4,16239,51
2016-04-11 04:33:52,0.0,204.91.46.217,42.219.158.232,58612,53,UDP,.A....,0,0,1,70,background,29,4,16432,193
2016-04-11 04:38:19,0.0,69.132.5.51,42.219.158.232,58076,520,UDP,.A....,0,40,1,53,background,70,4,16699,267
2016-04-11 04:56:52,0.0,229.219.239.216,42.219.158.232,58733,22,TCP,....S.,0,72,1,52,background,53,4,17812,1113
2016-04-11 04:57:04,0.0,182.42.182.186,42.219.158.232,9090,22,TCP,....S.,0,40,1,40,background,52,4,17824,12
2016-04-11 05:02:35,0.0,68.137.244.187,42.219.158.232,48083,123,UDP,.A....,0,0,1,40,background,40,5,18155,331
2016-04-11 05:05:26,0.0,150.18.190.204,42.219.158.232,30301,3542,TCP,....S.,0,40,1,40,background,40,5,18326,171
2016-04-11 05:11:42,0.0,218.62.16.213,42.219.158.232,42451,27017,TCP,....S.,0,40,1,40,background,40,5,18702,376
2016-04-11 05:13:02,0.0,198.132.44.182,42.219.158.232,36877,50100,TCP,....S.,0,40,1,40,background,40,5,18782,80
2016-04-11 05:13:22,0.0,217.231.240.206,42.219.158.232,43902,2161,TCP,....S.,0,40,1,40,background,40,5,18802,20
2016-04-11 05:14:22,2.8280000000000003,178.117.207.182,42.219.158.232,19384,445,TCP,....S.,0,40,2,104,background,40,5,18862,60
2016-04-11 05:22:04,0.0,56.228.70.238,42.219.158.232,63487,19,UDP,.A....,0,0,1,29,background,104,5,19324,462
2016-04-11 05:25:42,0.0,56.228.69.101,42.219.158.232,34680,2375,TCP,....S.,0,0,1,40,background,29,5,19542,218
2016-04-11 05:27:32,0.0,42.93.243.234,42.219.158.232,0,2048,ICMP,.A....,0,72,1,52,background,40,5,19652,110
2016-04-11 05:28:40,0.0,32.100.20.28,42.219.158.232,41478,80,TCP,....S.,0,40,1,40,background,52,5,19720,68
2016-04-11 05:28:42,3.008,79.23.51.176,42.219.158.232,40632,23,TCP,....S.,0,0,2,104,background,40,5,19722,2
2016-04-11 05:29:44,0.0,104.235.89.71,42.219.158.232,46587,53,UDP,.A....,0,0,1,67,background,104,5,19784,62
2016-04-11 05:32:00,2.932,234.24.225.168,42.219.158.232,3222,445,TCP,....S.,0,40,2,96,background,67,5,19920,136
2016-04-11 05:33:36,2.9960000000000004,133.28.245.61,42.219.158.232,2357,23,TCP,....S.,0,0,2,120,background,96,5,20016,96
2016-04-11 05:34:12,0.0,141.144.182.104,42.219.158.232,42390,23,TCP,....S.,0,40,1,60,background,120,5,20052,36
2016-04-11 05:35:54,0.0,218.12.179.68,42.219.158.232,59473,3128,TCP,....S.,0,0,1,40,background,60,5,20154,102
2016-04-11 05:40:58,0.0,246.205.68.191,42.219.158.232,24287,22,TCP,....S.,0,40,1,48,background,40,5,20458,304
2016-04-11 05:43:04,0.0,246.181.237.124,42.219.158.232,6000,1433,TCP,....S.,0,40,1,40,background,48,5,20584,126
2016-04-11 05:46:29,0.0,36.37.183.136,42.219.158.232,48663,22,TCP,....S.,0,0,1,40,background,40,5,20789,205
2016-04-11 05:53:58,0.0,32.100.20.28,42.219.158.232,41478,23,TCP,....S.,0,40,1,40,background,40,5,21238,449
2016-04-11 05:56:29,0.0,96.248.73.93,42.219.158.232,44969,22,TCP,....S.,0,16,1,40,background,40,5,21389,151
2016-04-11 05:58:27,0.0,229.219.209.92,42.219.158.232,57679,22,TCP,....S.,0,72,1,52,background,40,5,21507,118
2016-04-11 05:58:58,2.9960000000000004,67.171.227.190,42.219.158.232,60548,23,TCP,....S.,0,0,2,120,background,52,5,21538,31
2016-04-11 05:59:34,0.0,212.88.63.199,42.219.158.232,38438,8443,TCP,....S.,0,0,1,48,background,120,5,21574,36
2016-04-11 05:59:59,0.0,93.179.112.232,42.219.158.232,56733,5909,TCP,....S.,0,0,1,40,background,48,5,21599,25
2016-04-11 06:04:58,2.96,213.66.7.222,42.219.158.232,1664,445,TCP,....S.,0,40,2,96,background,40,6,21898,299
2016-04-11 06:08:31,0.0,42.219.170.246,42.219.158.232,0,2048,ICMP,.A....,0,40,1,64,background,96,6,22111,213
2016-04-11 06:10:34,0.0,221.177.83.32,42.219.158.232,37497,3389,TCP,....S.,0,40,1,48,background,64,6,22234,123
2016-04-11 06:11:32,2.9,233.154.217.42,42.219.158.232,2475,445,TCP,....S.,0,72,2,104,background,48,6,22292,58
2016-04-11 06:13:20,0.0,240.62.27.30,42.219.158.232,41096,21320,TCP,....S.,0,0,1,40,background,104,6,22400,108
2016-04-11 06:20:52,0.0,208.43.183.102,42.219.158.232,49821,7627,TCP,....S.,0,40,1,40,background,40,6,22852,452
2016-04-11 06:24:27,0.0,43.42.79.244,42.219.158.232,60404,111,UDP,.A....,0,0,1,68,background,40,6,23067,215
2016-04-11 06:24:59,0.0,212.213.246.1,42.219.158.232,19915,2575,UDP,.A....,0,0,1,48,background,68,6,23099,32
2016-04-11 06:25:18,0.0,248.31.241.70,42.219.158.232,3306,62432,TCP,.A..S.,0,40,1,40,background,48,6,23118,19
2016-04-11 06:27:48,8.996,224.4.33.108,42.219.158.232,43085,23,TCP,....S.,0,40,3,168,background,40,6,23268,150
2016-04-11 06:30:17,0.0,36.190.211.206,42.219.158.232,50960,22,TCP,....S.,0,0,1,52,background,168,6,23417,149
2016-04-11 06:35:30,0.0,225.36.196.187,42.219.158.232,34792,3128,TCP,....S.,0,40,1,40,background,52,6,23730,313
2016-04-11 06:39:12,0.0,67.163.74.169,42.219.158.232,0,2048,ICMP,.A....,0,40,1,60,background,40,6,23952,222
2016-04-11 06:41:41,0.0,33.12.108.90,42.219.158.232,5155,5060,UDP,.A....,0,0,1,444,background,60,6,24101,149
2016-04-11 06:42:03,3.008,215.132.106.80,42.219.158.232,48939,23,TCP,....S.,0,0,2,104,background,444,6,24123,22
2016-04-11 06:42:09,0.0,211.136.164.113,42.219.158.232,52910,80,TCP,....S.,0,40,1,40,background,104,6,24129,6
2016-04-11 06:42:12,0.0,204.91.46.223,42.219.158.232,56158,80,TCP,....S.,0,0,1,40,background,40,6,24132,3
2016-04-11 06:42:38,3.016,223.107.203.218,42.219.158.232,50379,23,TCP,....S.,0,72,2,104,background,40,6,24158,26
2016-04-11 06:44:43,0.0,176.116.195.41,42.219.158.232,5497,5060,UDP,.A....,0,40,1,436,background,104,6,24283,125
2016-04-11 06:52:47,0.0,80.22.139.148,42.219.158.232,60382,22,TCP,....S.,0,72,1,52,background,436,6,24767,484
2016-04-11 06:55:57,0.0,204.91.46.255,42.219.158.232,37809,6379,TCP,....S.,0,0,1,40,background,52,6,24957,190
2016-04-11 07:00:05,3.044,192.186.88.178,42.219.158.232,1260,445,TCP,....S.,0,72,2,96,background,40,7,25205,248
2016-04-11 07:03:04,0.0,46.148.67.118,42.219.158.232,35777,23,TCP,....S.,0,72,1,52,background,96,7,25384,179
2016-04-11 07:04:33,0.0,133.97.144.63,42.219.158.232,80,21228,TCP,.A..S.,0,40,1,40,background,52,7,25473,89
2016-04-11 07:10:45,0.0,173.24.80.72,42.219.158.232,31435,2083,TCP,....S.,0,40,1,48,background,40,7,25845,372
2016-04-11 07:16:42,3.212,44.81.254.131,42.219.158.232,2907,445,TCP,....S.,0,40,2,104,background,48,7,26202,357
2016-04-11 07:23:16,2.9160000000000004,167.135.25.42,42.219.158.232,4102,445,TCP,....S.,0,72,2,96,background,104,7,26596,394
2016-04-11 07:32:50,0.0,204.91.46.203,42.219.158.232,51713,27017,TCP,....S.,0,0,1,40,background,96,7,27170,574
2016-04-11 07:34:52,0.0,57.77.136.58,42.219.158.232,58067,2083,TCP,....S.,0,40,1,48,background,40,7,27292,122
2016-04-11 07:34:55,0.0,242.100.158.153,42.219.158.232,53193,47808,TCP,....S.,0,0,1,40,background,48,7,27295,3
2016-04-11 07:35:13,2.92,225.42.29.196,42.219.158.232,1520,445,TCP,....S.,0,0,2,96,background,40,7,27313,18
2016-04-11 07:35:15,0.0,217.231.240.206,42.219.158.232,15810,2222,TCP,....S.,0,40,1,40,background,96,7,27315,2
2016-04-11 07:36:45,0.0,69.132.5.136,42.219.158.232,60259,123,UDP,.A....,0,40,1,37,background,40,7,27405,90
2016-04-11 07:37:19,0.0,242.101.129.180,42.219.158.232,54845,1723,TCP,....S.,0,0,1,40,background,37,7,27439,34
2016-04-11 07:38:26,3.012,247.137.129.249,42.219.158.232,2408,445,TCP,....S.,0,40,2,96,background,40,7,27506,67
2016-04-11 07:39:22,0.0,225.145.43.226,42.219.158.232,9089,1701,UDP,.A....,0,40,1,135,background,96,7,27562,56
2016-04-11 07:44:07,0.0,248.18.149.201,42.219.158.232,52384,22,TCP,....S.,0,0,1,48,background,135,7,27847,285
2016-04-11 07:47:17,0.0,57.104.219.105,42.219.158.232,5072,5060,UDP,.A....,0,40,1,441,background,48,7,28037,190
2016-04-11 07:49:42,3.096,50.148.114.148,42.219.158.232,2963,445,TCP,....S.,0,72,2,96,background,441,7,28182,145
2016-04-11 07:49:54,2.8680000000000003,76.182.20.233,42.219.158.232,2047,445,TCP,....S.,0,72,2,96,background,96,7,28194,12
2016-04-11 07:49:57,0.0,125.83.204.76,42.219.158.232,0,2048,ICMP,.A....,0,0,1,32,background,96,7,28197,3
2016-04-11 07:50:09,0.0,82.6.252.214,42.219.158.232,55450,443,TCP,....S.,0,0,1,40,background,32,7,28209,12
2016-04-11 07:52:49,0.0,62.27.235.66,42.219.158.232,0,2048,ICMP,.A....,0,40,1,32,background,40,7,28369,160
2016-04-11 07:56:03,0.0,85.248.106.77,42.219.158.232,5500,5060,UDP,.A....,0,0,1,419,background,32,7,28563,194
2016-04-11 08:01:40,0.0,68.137.135.219,42.219.158.232,39136,5351,UDP,.A....,0,0,1,30,background,419,8,28900,337
2016-04-11 08:04:38,0.0,78.180.95.118,42.219.158.232,48761,123,UDP,.A....,0,40,1,220,background,30,8,29078,178
2016-04-11 08:05:31,0.0,165.72.140.4,42.219.158.232,48140,80,TCP,....S.,0,0,1,40,background,220,8,29131,53
2016-04-11 08:08:04,0.0,242.100.154.142,42.219.158.232,45621,8088,TCP,....S.,0,0,1,40,background,40,8,29284,153
2016-04-11 08:16:29,5.0,225.246.119.17,42.219.158.232,6892,23,TCP,....S.,0,0,4,240,background,40,8,29789,505
2016-04-11 08:20:42,3.056,221.19.113.156,42.219.158.232,50746,23,TCP,....S.,0,40,2,104,background,240,8,30042,253
2016-04-11 08:21:21,3.068,216.126.43.36,42.219.158.232,43676,23,TCP,....S.,0,0,2,104,background,104,8,30081,39
2016-04-11 08:21:44,0.0,69.132.5.212,42.219.158.232,55610,8080,TCP,....S.,0,40,1,40,background,104,8,30104,23
2016-04-11 08:27:16,3.064,233.60.220.66,42.219.158.232,59470,22,TCP,....S.,0,72,2,104,background,40,8,30436,332
2016-04-11 08:27:34,6.0,224.36.149.165,42.219.158.232,57304,23,TCP,....S.,0,40,2,112,background,104,8,30454,18
2016-04-11 08:32:54,3.008,245.114.134.135,42.219.158.232,4218,445,TCP,....S.,0,0,2,96,background,112,8,30774,320
2016-04-11 08:41:15,0.0,213.74.109.225,42.219.158.232,4935,3389,TCP,....S.,0,0,1,52,background,96,8,31275,501
2016-04-11 08:42:11,0.0,60.99.62.174,42.219.158.232,80,39897,TCP,.A..S.,0,40,1,44,background,52,8,31331,56
2016-04-11 08:43:23,0.0,168.145.214.107,42.219.158.232,27015,49182,UDP,.A....,0,40,1,233,background,44,8,31403,72
2016-04-11 08:47:18,0.0,60.99.62.174,42.219.158.232,80,39897,TCP,.A.R..,0,0,1,40,background,233,8,31638,235
2016-04-11 08:55:18,3.008,201.101.112.97,42.219.158.232,50177,23,TCP,....S.,0,0,2,104,background,40,8,32118,480
2016-04-11 08:59:45,0.0,217.156.124.13,42.219.158.232,5194,5060,UDP,.A....,0,40,1,442,background,104,8,32385,267
2016-04-11 09:03:23,0.0,208.43.183.102,42.219.158.232,46090,8998,TCP,....S.,0,40,1,40,background,442,9,32603,218
2016-04-11 09:03:48,0.0,33.12.108.90,42.219.158.232,5353,5060,UDP,.A....,0,0,1,444,background,40,9,32628,25
2016-04-11 09:09:04,0.0,198.132.44.182,42.219.158.232,16086,6881,UDP,.A....,0,40,1,132,background,444,9,32944,316
2016-04-11 09:10:11,0.0,185.6.77.149,42.219.158.232,80,3145,TCP,.A..S.,0,0,1,44,background,132,9,33011,67
2016-04-11 09:17:09,0.0,68.137.244.158,42.219.158.232,55588,123,UDP,.A....,0,0,1,40,background,44,9,33429,418
2016-04-11 09:17:15,0.0,43.42.79.200,42.219.158.232,33490,1434,UDP,.A....,0,0,1,29,background,40,9,33435,6
2016-04-11 09:19:31,0.0,68.137.135.230,42.219.158.232,55894,11211,TCP,....S.,0,0,1,40,background,29,9,33571,136
2016-04-11 09:20:14,9.056,232.161.84.197,42.219.158.232,46014,23,TCP,....S.,0,40,3,180,background,40,9,33614,43
2016-04-11 09:22:52,0.0,182.42.182.186,42.219.158.232,9090,22,TCP,....S.,0,40,1,40,background,180,9,33772,158
2016-04-11 09:31:11,0.0,250.54.224.181,42.219.158.232,6000,1433,TCP,....S.,0,40,1,40,background,40,9,34271,499
2016-04-11 09:32:29,0.0,69.55.59.192,42.219.158.232,5354,5060,UDP,.A....,0,40,1,434,background,40,9,34349,78
2016-04-11 09:34:59,0.0,248.60.153.118,42.219.158.232,5095,5060,UDP,.A....,0,0,1,435,background,434,9,34499,150
2016-04-11 09:36:19,3.008,79.141.113.164,42.219.158.232,55084,23,TCP,....S.,0,40,2,104,background,435,9,34579,80
2016-04-11 09:37:11,0.0,192.253.239.142,42.219.158.232,57198,81,TCP,....S.,0,72,1,40,background,104,9,34631,52
2016-04-11 09:42:24,0.0,225.145.165.222,42.219.158.232,22203,1723,TCP,....S.,0,40,1,40,background,40,9,34944,313
2016-04-11 09:42:46,0.0,150.24.131.130,42.219.158.232,50425,1900,UDP,.A....,0,72,1,118,background,40,9,34966,22
2016-04-11 09:44:27,0.0,217.231.240.114,42.219.158.232,54812,3389,TCP,....S.,0,40,1,40,background,118,9,35067,101
2016-04-11 09:48:06,0.0,176.42.77.99,42.219.158.232,52868,21,TCP,....S.,0,0,1,60,background,40,9,35286,219
2016-04-11 09:48:06,0.0,176.42.77.99,42.219.158.232,59681,139,TCP,....S.,0,0,1,60,background,60,9,35286,0
2016-04-11 09:49:24,0.0,204.91.46.195,42.219.158.232,56586,19,UDP,.A....,0,0,1,29,background,60,9,35364,78
2016-04-11 09:53:00,0.0,41.34.127.90,42.219.158.232,5061,5060,UDP,.A....,0,0,1,432,background,29,9,35580,216
2016-04-11 09:53:04,0.0,208.43.183.102,42.219.158.232,46090,8889,TCP,....S.,0,40,1,40,background,432,9,35584,4
2016-04-11 09:53:27,0.0,217.231.240.101,42.219.158.232,39707,2323,TCP,....S.,0,40,1,40,background,40,9,35607,23
2016-04-11 09:57:05,0.0,62.100.229.92,42.219.158.232,49970,22,TCP,....S.,0,0,1,40,background,40,9,35825,218
2016-04-11 09:57:22,0.0,240.19.64.164,42.219.158.232,5063,5060,UDP,.A....,0,40,1,433,background,40,9,35842,17
2016-04-11 10:00:19,0.0,227.169.55.238,42.219.158.232,6000,1433,TCP,....S.,0,0,1,40,background,433,10,36019,177
2016-04-11 10:03:38,0.0,75.129.109.156,42.219.158.232,49201,23,TCP,....S.,0,40,1,40,background,40,10,36218,199
2016-04-11 10:04:39,0.0,228.137.170.84,42.219.158.232,38633,23,TCP,....S.,0,40,1,60,background,40,10,36279,61
2016-04-11 10:08:00,0.0,32.93.109.11,42.219.158.232,13254,5901,TCP,....S.,0,72,1,48,background,60,10,36480,201
2016-04-11 10:10:06,0.0,194.231.191.138,42.219.158.232,34680,13579,TCP,....S.,0,40,1,40,background,48,10,36606,126
2016-04-11 10:11:49,0.0,217.30.201.246,42.219.158.232,80,146,TCP,.A..S.,0,0,1,44,background,40,10,36709,103
2016-04-11 10:15:09,3.008,201.126.111.247,42.219.158.232,44760,23,TCP,....S.,0,0,2,104,background,44,10,36909,200
2016-04-11 10:15:34,3.024,192.186.89.188,42.219.158.232,3194,445,TCP,....S.,0,72,2,96,background,104,10,36934,25
2016-04-11 10:18:50,0.0,62.174.229.143,42.219.158.232,80,23830,TCP,.A..S.,0,40,2,88,background,96,10,37130,196
2016-04-11 10:19:19,0.0,32.100.20.28,42.219.158.232,41478,563,TCP,....S.,0,40,1,40,background,88,10,37159,29
2016-04-11 10:19:37,0.0,82.7.67.216,42.219.158.232,49987,1604,TCP,....S.,0,0,1,40,background,40,10,37177,18
2016-04-11 10:23:20,8.984,255.213.88.49,42.219.158.232,55742,23,TCP,....S.,0,0,3,180,background,40,10,37400,223
2016-04-11 10:24:01,0.0,170.253.36.53,42.219.158.232,6000,3306,TCP,....S.,0,0,1,40,background,180,10,37441,41
2016-04-11 10:24:09,0.0,32.100.20.28,42.219.158.232,41478,995,TCP,....S.,0,40,1,40,background,40,10,37449,8
2016-04-11 10:25:14,3.012,239.64.37.196,42.219.158.232,44747,23,TCP,....S.,0,72,2,104,background,40,10,37514,65
2016-04-11 10:28:50,0.0,204.91.46.228,42.219.158.232,55515,80,TCP,....S.,0,0,1,40,background,104,10,37730,216
2016-04-11 10:37:16,0.0,245.243.168.36,42.219.158.232,5138,5060,UDP,.A....,0,40,1,435,background,40,10,38236,506
2016-04-11 10:39:04,0.0,67.116.103.246,42.219.158.232,5109,5060,UDP,.A....,0,40,1,442,background,435,10,38344,108
2016-04-11 10:41:06,2.94,220.88.177.204,42.219.158.232,3771,445,TCP,....S.,0,40,2,96,background,442,10,38466,122
2016-04-11 10:49:58,0.0,32.100.20.28,42.219.158.232,41478,5672,TCP,....S.,0,40,1,40,background,96,10,38998,532
2016-04-11 10:50:02,0.0,68.137.244.164,42.219.158.232,35114,1900,UDP,.A....,0,0,1,125,background,40,10,39002,4
2016-04-11 10:52:38,2.96,228.178.147.58,42.219.158.232,45782,445,TCP,....S.,0,40,2,104,background,125,10,39158,156
2016-04-11 10:53:02,3.08,74.213.204.176,42.219.158.232,33345,23,TCP,....S.,0,72,2,104,background,104,10,39182,24
2016-04-11 10:59:07,0.0,165.72.140.4,42.219.158.232,40711,8080,TCP,....S.,0,0,1,40,background,104,10,39547,365
2016-04-11 11:05:14,2.952,154.26.246.92,42.219.158.232,3421,445,TCP,....S.,0,40,2,96,background,40,11,39914,367
2016-04-11 11:05:48,0.0,33.12.108.90,42.219.158.232,5184,5060,UDP,.A....,0,0,1,442,background,96,11,39948,34
2016-04-11 11:09:27,9.02,136.123.47.167,42.219.158.232,9017,22,TCP,....S.,0,72,3,152,background,442,11,40167,219
2016-04-11 11:13:31,0.0,73.60.0.219,42.219.158.232,12205,23,TCP,....S.,0,40,1,40,background,152,11,40411,244
2016-04-11 11:13:49,0.0,86.128.235.174,42.219.158.232,5114,5060,UDP,.A....,0,0,1,444,background,40,11,40429,18
2016-04-11 11:13:50,0.0,49.149.152.95,42.219.158.232,0,2048,ICMP,.A....,0,0,1,32,background,444,11,40430,1
2016-04-11 11:15:19,0.0,214.198.159.79,42.219.158.232,60549,23,TCP,....S.,0,72,1,52,background,32,11,40519,89
2016-04-11 11:16:15,9.008,78.252.77.2,42.219.158.232,31045,445,TCP,....S.,0,0,3,152,background,52,11,40575,56
2016-04-11 11:19:21,0.0,43.28.221.2,42.219.158.232,56021,80,TCP,....S.,0,40,1,40,background,152,11,40761,186
2016-04-11 11:19:52,0.0,49.107.129.159,42.219.158.232,80,41732,TCP,.A..S.,0,72,1,44,background,40,11,40792,31
2016-04-11 11:19:57,2.86,49.117.43.214,42.219.158.232,2414,445,TCP,....S.,0,72,2,96,background,44,11,40797,5
2016-04-11 11:21:57,3.088,76.132.28.206,42.219.158.232,42405,23,TCP,....S.,0,40,2,104,background,96,11,40917,120
2016-04-11 11:24:28,7.436,192.126.253.147,42.219.158.232,60244,53413,UDP,.A....,0,72,3,87,background,104,11,41068,151
2016-04-11 11:27:22,0.0,194.231.191.138,42.219.158.232,49717,17,TCP,....S.,0,40,1,40,background,87,11,41242,174
2016-04-11 11:27:37,0.0,192.253.239.233,42.219.158.232,38144,91,TCP,....S.,0,72,1,40,background,40,11,41257,15
2016-04-11 11:31:13,34.744,69.12.45.239,42.219.158.232,0,771,ICMP,.A....,0,0,2,832,background,40,11,41473,216
2016-04-11 11:31:34,0.0,237.128.46.55,42.219.158.232,62915,22,TCP,....S.,0,72,1,52,background,832,11,41494,21
2016-04-11 11:34:46,3.004,233.60.116.75,42.219.158.232,37785,23,TCP,....S.,0,72,2,104,background,52,11,41686,192
2016-04-11 11:36:23,0.0,68.137.135.228,42.219.158.232,50584,5353,UDP,.A....,0,0,1,74,background,104,11,41783,97
2016-04-11 11:39:05,0.0,33.12.115.38,42.219.158.232,5060,5060,UDP,.A....,0,0,1,444,background,74,11,41945,162
2016-04-11 11:39:40,0.0,60.133.101.194,42.219.158.232,5187,5060,UDP,.A....,0,40,1,440,background,444,11,41980,35
2016-04-11 11:40:01,0.0,188.30.209.111,42.219.158.232,5145,5060,UDP,.A....,0,0,1,379,background,440,11,42001,21
2016-04-11 11:42:35,0.0,240.156.251.252,42.219.158.232,0,0,ICMP,.A....,0,40,1,48,background,379,11,42155,154
2016-04-11 11:43:29,0.0,223.20.238.132,42.219.158.232,42930,23,TCP,....S.,0,40,1,52,background,48,11,42209,54
2016-04-11 11:44:26,3.004,136.114.20.3,42.219.158.232,53184,23,TCP,....S.,0,72,2,104,background,52,11,42266,57
2016-04-11 11:46:27,0.0,248.3.121.236,42.219.158.232,61161,22,TCP,....S.,0,40,1,48,background,104,11,42387,121
2016-04-11 11:48:38,7.007999999999999,200.15.25.119,42.219.158.232,58324,22,TCP,....S.,0,0,4,240,background,48,11,42518,131
2016-04-11 11:51:22,0.0,183.140.46.93,42.219.158.232,1923,445,TCP,....S.,0,72,1,48,background,240,11,42682,164
2016-04-11 11:51:45,0.0,198.132.27.142,42.219.158.232,12134,2222,TCP,....S.,0,40,1,40,background,48,11,42705,23
2016-04-11 11:51:48,3.008,217.168.134.105,42.219.158.232,42009,23,TCP,....S.,0,40,2,104,background,40,11,42708,3
2016-04-11 11:55:42,3.156,178.117.224.253,42.219.158.232,2630,445,TCP,....S.,0,40,2,96,background,104,11,42942,234
2016-04-11 11:57:58,0.0,237.128.46.55,42.219.158.232,50384,22,TCP,....S.,0,72,1,52,background,96,11,43078,136
2016-04-11 11:59:17,3.004,80.10.68.37,42.219.158.232,51781,23,TCP,....S.,0,72,2,104,background,52,11,43157,79
2016-04-11 12:01:06,0.0,71.252.29.248,42.219.158.232,36142,23,TCP,....S.,0,40,1,60,background,104,12,43266,109
2016-04-11 12:01:41,3.008,75.174.97.141,42.219.158.232,54383,23,TCP,....S.,0,40,2,104,background,60,12,43301,35
2016-04-11 12:03:30,0.0,68.137.244.182,42.219.158.232,41205,9200,TCP,....S.,0,0,1,40,background,104,12,43410,109
2016-04-11 12:04:35,0.0,56.228.87.2,42.219.158.232,48134,88,UDP,.A....,0,16,1,145,background,40,12,43475,65
2016-04-11 12:10:38,3.2,237.128.143.226,42.219.158.232,2370,445,TCP,....S.,0,72,2,96,background,145,12,43838,363
2016-04-11 12:16:37,0.0,217.231.240.101,42.219.158.232,63933,2483,TCP,....S.,0,40,1,40,background,96,12,44197,359
2016-04-11 12:24:14,0.0,198.132.59.191,42.219.158.232,36040,6969,UDP,.A....,0,40,1,44,background,40,12,44654,457
2016-04-11 12:25:19,0.0,183.45.72.135,42.219.158.232,53065,22,TCP,....S.,0,40,1,40,background,44,12,44719,65
2016-04-11 12:25:54,0.0,55.5.22.217,42.219.158.232,0,2048,ICMP,.A....,0,0,1,32,background,40,12,44754,35
2016-04-11 12:27:10,3.0,36.37.176.93,42.219.158.232,61468,22,TCP,....S.,0,2,2,104,background,32,12,44830,76
2016-04-11 12:31:07,0.0,208.43.183.102,42.219.158.232,46090,7777,TCP,....S.,0,40,1,40,background,104,12,45067,237
2016-04-11 12:31:21,0.0,141.157.95.59,42.219.158.232,59994,23,TCP,....S.,0,40,1,60,background,40,12,45081,14
2016-04-11 12:32:19,0.0,208.43.183.102,42.219.158.232,46090,8894,TCP,....S.,0,40,1,40,background,60,12,45139,58
2016-04-11 12:34:53,3.004,245.122.27.248,42.219.158.232,38522,23,TCP,....S.,0,72,2,104,background,40,12,45293,154
2016-04-11 12:36:55,0.0,198.132.59.191,42.219.158.232,36877,9999,TCP,....S.,0,40,1,40,background,104,12,45415,122
2016-04-11 12:39:21,0.0,43.42.79.206,42.219.158.232,53929,443,TCP,....S.,0,0,1,40,background,40,12,45561,146
2016-04-11 12:42:14,0.0,176.116.194.129,42.219.158.232,44738,6379,TCP,....S.,0,40,1,40,background,40,12,45734,173
2016-04-11 12:42:23,0.0,40.137.236.9,42.219.158.232,5068,5060,UDP,.A....,0,0,1,441,background,40,12,45743,9
2016-04-11 12:49:31,7.0120000000000005,47.23.244.5,42.219.158.232,58564,23,TCP,....S.,0,40,4,240,background,441,12,46171,428
2016-04-11 12:51:34,3.0,37.225.200.246,42.219.158.232,48120,23,TCP,....S.,0,40,2,104,background,240,12,46294,123
2016-04-11 12:52:23,0.0,215.150.201.226,42.219.158.232,51638,22,TCP,....S.,0,40,1,40,background,104,12,46343,49
2016-04-11 12:52:53,0.0,33.12.108.90,42.219.158.232,5167,5060,UDP,.A....,0,0,1,442,background,40,12,46373,30
2016-04-11 12:54:29,0.0,248.60.153.118,42.219.158.232,5060,5060,UDP,.A....,0,0,1,434,background,442,12,46469,96
2016-04-11 12:59:58,3.02,158.45.253.98,42.219.158.232,40227,23,TCP,....S.,0,0,2,104,background,434,12,46798,329
2016-04-11 13:00:40,0.0,143.123.195.202,42.219.158.232,80,23311,TCP,.A..S.,0,0,1,40,background,104,13,46840,42
2016-04-11 13:01:25,2.004,246.88.185.147,42.219.158.232,11724,23,TCP,....S.,0,0,2,120,background,40,13,46885,45
2016-04-11 13:06:57,0.0,73.60.0.219,42.219.158.232,12217,1433,TCP,....S.,0,40,1,40,background,120,13,47217,332
2016-04-11 13:08:51,0.0,176.116.194.233,42.219.158.232,5191,5070,UDP,.A....,0,40,1,436,background,40,13,47331,114
2016-04-11 13:09:53,0.0,82.6.252.215,42.219.158.232,52377,80,TCP,....S.,0,0,1,40,background,436,13,47393,62
2016-04-11 13:11:44,0.0,213.221.146.209,42.219.158.232,5060,5060,UDP,.A....,0,0,1,440,background,40,13,47504,111
2016-04-11 13:12:33,0.0,56.228.99.129,42.219.158.232,14898,5269,TCP,....S.,0,72,1,40,background,440,13,47553,49
2016-04-11 13:12:50,0.0,69.132.4.149,42.219.158.232,56374,69,UDP,.A....,0,40,1,43,background,40,13,47570,17
2016-04-11 13:14:09,0.0,117.208.149.57,42.219.158.232,46398,25,TCP,....S.,0,72,1,40,background,43,13,47649,79
2016-04-11 13:14:09,0.0,117.208.149.59,42.219.158.232,34081,25,TCP,....S.,0,72,1,40,background,40,13,47649,0
2016-04-11 13:16:13,0.0,176.116.194.129,42.219.158.232,36040,69,UDP,.A....,0,40,1,44,background,40,13,47773,124
2016-04-11 13:18:44,0.0,176.116.194.233,42.219.158.232,5602,5080,UDP,.A....,0,40,1,435,background,44,13,47924,151
2016-04-11 13:19:15,0.0,194.231.140.151,42.219.158.232,3082,1911,TCP,....S.,0,40,1,40,background,435,13,47955,31
2016-04-11 13:23:27,3.004,173.13.96.60,42.219.158.232,34864,23,TCP,....S.,0,72,2,104,background,40,13,48207,252
2016-04-11 13:28:04,3.012,168.229.9.218,42.219.158.232,1464,445,TCP,....S.,0,72,2,104,background,104,13,48484,277
2016-04-11 13:28:36,2.984,49.125.122.195,42.219.158.232,4318,445,TCP,....S.,0,72,2,96,background,104,13,48516,32
2016-04-11 13:32:40,0.0,176.116.194.233,42.219.158.232,5327,5090,UDP,.A....,0,40,1,436,background,96,13,48760,244
2016-04-11 13:40:34,3.004,58.238.102.166,42.219.158.232,1612,445,TCP,....S.,0,0,2,96,background,436,13,49234,474
2016-04-11 13:42:14,0.0,246.150.65.216,42.219.158.232,6000,3306,TCP,....S.,0,40,1,40,background,96,13,49334,100
2016-04-11 13:43:59,0.0,37.154.67.53,42.219.158.232,1610,445,TCP,....S.,0,72,1,48,background,40,13,49439,105
2016-04-11 13:47:31,0.0,176.116.194.233,42.219.158.232,5405,6060,UDP,.A....,0,40,1,437,background,48,13,49651,212
2016-04-11 13:51:53,0.0,182.42.182.186,42.219.158.232,9090,22,TCP,....S.,0,40,1,40,background,437,13,49913,262
2016-04-11 13:54:23,0.0,228.15.184.53,42.219.158.232,31285,23,TCP,....S.,0,40,1,44,background,40,13,50063,150
2016-04-11 13:58:28,2.884,228.212.223.143,42.219.158.232,65188,445,TCP,....S.,0,72,2,104,background,44,13,50308,245
2016-04-11 14:01:37,0.0,62.100.90.154,42.219.158.232,53455,8022,TCP,....S.,0,0,1,40,background,104,14,50497,189
2016-04-11 14:03:14,0.0,208.43.183.102,42.219.158.232,46090,8896,TCP,....S.,0,40,1,40,background,40,14,50594,97
2016-04-11 14:04:04,0.0,176.116.194.233,42.219.158.232,5075,5061,UDP,.A....,0,40,1,438,background,40,14,50644,50
2016-04-11 14:04:47,0.0,212.88.63.199,42.219.158.232,38438,8443,TCP,....S.,0,0,1,48,background,438,14,50687,43
2016-04-11 14:06:24,0.0,165.28.39.233,42.219.158.232,1143,5683,UDP,.A....,0,16,1,33,background,48,14,50784,97
2016-04-11 14:10:42,0.0,204.91.46.218,42.219.158.232,53119,17,UDP,.A....,0,0,1,29,background,33,14,51042,258
2016-04-11 14:11:18,0.0,198.132.44.182,42.219.158.232,49717,6667,TCP,....S.,0,40,1,40,background,29,14,51078,36
2016-04-11 14:12:41,0.0,198.132.25.203,42.219.158.232,31632,10000,TCP,....S.,0,40,1,40,background,40,14,51161,83
2016-04-11 14:15:30,9.012,154.167.189.127,42.219.158.232,50500,23,TCP,....S.,0,40,3,180,background,40,14,51330,169
2016-04-11 14:21:27,0.0,176.116.194.233,42.219.158.232,5252,5062,UDP,.A....,0,40,1,437,background,180,14,51687,357
2016-04-11 14:24:32,0.0,61.201.253.161,42.219.158.232,49006,22,TCP,....S.,0,40,1,60,background,437,14,51872,185
2016-04-11 14:24:52,3.004,63.172.143.216,42.219.158.232,56384,23,TCP,....S.,0,72,2,104,background,60,14,51892,20
2016-04-11 14:35:51,0.0,217.231.240.206,42.219.158.232,18532,2484,TCP,....S.,0,40,1,40,background,104,14,52551,659
2016-04-11 14:37:45,0.0,246.182.202.32,42.219.158.232,6000,3306,TCP,....S.,0,40,1,40,background,40,14,52665,114
2016-04-11 14:38:40,0.0,176.116.194.233,42.219.158.232,5161,5064,UDP,.A....,0,40,1,435,background,40,14,52720,55
2016-04-11 14:39:07,0.0,33.12.102.177,42.219.158.232,5101,5060,UDP,.A....,0,0,1,442,background,435,14,52747,27
2016-04-11 14:43:44,2.972,220.0.220.28,42.219.158.232,17867,445,TCP,....S.,0,40,2,96,background,442,14,53024,277
2016-04-11 14:45:49,2.86,62.186.147.70,42.219.158.232,31821,445,TCP,....S.,0,0,2,96,background,96,14,53149,125
2016-04-11 14:47:20,0.0,32.100.20.28,42.219.158.232,41478,5900,TCP,....S.,0,40,1,40,background,96,14,53240,91
2016-04-11 14:47:26,0.0,197.34.213.105,42.219.158.232,5168,5060,UDP,.A....,0,40,1,445,background,40,14,53246,6
2016-04-11 14:47:32,0.0,150.24.188.14,42.219.158.232,0,2816,ICMP,.A....,0,25,1,56,background,445,14,53252,6
2016-04-11 14:53:17,0.0,198.132.59.191,42.219.158.232,34680,5357,TCP,....S.,0,40,1,40,background,56,14,53597,345
2016-04-11 14:58:27,0.0,176.116.194.233,42.219.158.232,5101,5066,UDP,.A....,0,40,1,437,background,40,14,53907,310
2016-04-11 15:06:54,0.0,113.63.71.82,42.219.158.232,6879,21,TCP,....S.,0,40,1,40,background,437,15,54414,507
2016-04-11 15:06:54,0.0,113.63.71.82,42.219.158.232,7310,22,TCP,....S.,0,40,1,40,background,40,15,54414,0
2016-04-11 15:06:54,0.0,113.63.71.82,42.219.158.232,7573,80,TCP,....S.,0,40,1,40,background,40,15,54414,0
2016-04-11 15:06:54,0.0,113.63.71.82,42.219.158.232,7663,8080,TCP,....S.,0,40,1,40,background,40,15,54414,0
2016-04-11 15:11:32,0.0,225.230.216.89,42.219.158.232,6000,3306,TCP,....S.,0,40,1,40,background,40,15,54692,278
2016-04-11 15:17:17,0.0,33.12.108.90,42.219.158.232,5189,5060,UDP,.A....,0,0,1,444,background,40,15,55037,345
2016-04-11 15:17:47,0.0,176.116.194.233,42.219.158.232,5099,6050,UDP,.A....,0,40,1,434,background,444,15,55067,30
2016-04-11 15:18:18,2.992,77.245.168.38,42.219.158.232,33764,23,TCP,....S.,0,40,2,104,background,434,15,55098,31
2016-04-11 15:18:32,0.0,197.71.45.9,42.219.158.232,5084,5060,UDP,.A....,0,0,1,441,background,104,15,55112,14
2016-04-11 15:18:53,3.012,64.79.63.197,42.219.158.232,1903,445,TCP,....S.,0,0,2,96,background,441,15,55133,21
2016-04-11 15:21:32,0.0,96.96.13.149,42.219.158.232,50078,80,TCP,....S.,0,0,1,44,background,96,15,55292,159
2016-04-11 15:21:32,0.0,96.96.13.149,42.219.158.232,50079,80,TCP,....S.,0,0,1,44,background,44,15,55292,0
2016-04-11 15:21:33,0.0,96.96.13.149,42.219.158.232,61677,80,TCP,....S.,0,0,1,44,background,44,15,55293,1
2016-04-11 15:21:34,0.0,96.96.13.149,42.219.158.232,61678,80,TCP,....S.,0,0,1,44,background,44,15,55294,1
2016-04-11 15:21:36,0.0,96.96.13.149,42.219.158.232,63413,80,TCP,....S.,0,0,1,44,background,44,15,55296,2
2016-04-11 15:21:37,0.0,96.96.13.149,42.219.158.232,63414,80,TCP,....S.,0,0,1,44,background,44,15,55297,1
2016-04-11 15:21:39,0.0,96.96.13.149,42.219.158.232,56698,80,TCP,....S.,0,0,1,44,background,44,15,55299,2
2016-04-11 15:21:39,0.0,96.96.13.149,42.219.158.232,56699,80,TCP,....S.,0,0,1,44,background,44,15,55299,0
2016-04-11 15:21:43,0.0,96.96.13.149,42.219.158.232,42476,80,TCP,....S.,0,0,1,44,background,44,15,55303,4
2016-04-11 15:21:43,0.0,96.96.13.149,42.219.158.232,42477,80,TCP,....S.,0,0,1,44,background,44,15,55303,0
2016-04-11 15:21:45,0.0,96.96.13.149,42.219.158.232,33028,80,TCP,....S.,0,0,1,44,background,44,15,55305,2
2016-04-11 15:21:46,0.0,96.96.13.149,42.219.158.232,33029,80,TCP,....S.,0,0,1,44,background,44,15,55306,1
2016-04-11 15:21:49,0.0,96.96.13.149,42.219.158.232,58546,80,TCP,....S.,0,0,1,44,background,44,15,55309,3
2016-04-11 15:21:49,0.0,96.96.13.149,42.219.158.232,58547,80,TCP,....S.,0,0,1,44,background,44,15,55309,0
2016-04-11 15:21:55,0.0,96.96.13.149,42.219.158.232,38176,80,TCP,....S.,0,0,1,44,background,44,15,55315,6
2016-04-11 15:21:56,0.0,96.96.13.149,42.219.158.232,38177,80,TCP,....S.,0,0,1,44,background,44,15,55316,1
2016-04-11 15:23:48,0.0,56.208.168.104,42.219.158.232,57125,53,UDP,.A....,0,40,1,73,background,44,15,55428,112
2016-04-11 15:25:45,0.0,216.243.220.152,42.219.158.232,46384,23,TCP,....S.,0,0,1,52,background,73,15,55545,117
2016-04-11 15:26:50,0.0,246.7.129.12,42.219.158.232,12200,8080,TCP,....S.,0,72,1,40,background,52,15,55610,65
2016-04-11 15:29:06,0.0,69.95.74.179,42.219.158.232,80,52982,TCP,.A..S.,0,40,1,44,background,40,15,55746,136
2016-04-11 15:31:34,0.0,36.37.176.93,42.219.158.232,33850,22,TCP,....S.,0,0,1,40,background,44,15,55894,148
2016-04-11 15:37:46,0.0,176.116.194.233,42.219.158.232,5130,5000,UDP,.A....,0,40,1,438,background,40,15,56266,372
2016-04-11 15:41:22,3.268,42.64.15.237,42.219.158.232,62821,445,TCP,....S.,0,0,2,96,background,438,15,56482,216
2016-04-11 15:41:24,0.0,57.173.86.134,42.219.158.232,5066,5060,UDP,.A....,0,0,1,440,background,96,15,56484,2
2016-04-11 15:43:27,0.0,229.219.239.143,42.219.158.232,62612,22,TCP,....S.,0,74,1,52,background,440,15,56607,123
2016-04-11 15:44:10,0.0,198.132.59.191,42.219.158.232,49717,55554,TCP,....S.,0,40,1,40,background,52,15,56650,43
2016-04-11 15:44:52,0.0,176.116.194.129,42.219.158.232,34680,3689,TCP,....S.,0,40,1,40,background,40,15,56692,42
2016-04-11 15:48:48,0.0,43.28.221.2,42.219.158.232,58370,443,TCP,....S.,0,40,1,40,background,40,15,56928,236
2016-04-11 15:49:38,0.0,168.153.48.4,42.219.158.232,55455,3389,TCP,....S.,0,0,1,40,background,40,15,56978,50
2016-04-11 15:50:16,0.0,36.37.176.93,42.219.158.232,33850,443,TCP,....S.,0,0,1,40,background,40,15,57016,38
2016-04-11 15:50:25,2.892,165.98.11.125,42.219.158.232,2621,445,TCP,....S.,0,40,2,96,background,40,15,57025,9
2016-04-11 15:50:43,0.0,47.149.216.48,42.219.158.232,5099,8080,TCP,....S.,0,40,1,40,background,96,15,57043,18
2016-04-11 15:52:17,0.0,192.253.239.178,42.219.158.232,54460,80,TCP,....S.,0,72,1,40,background,40,15,57137,94
2016-04-11 15:54:04,0.0,56.228.69.101,42.219.158.232,37732,5007,TCP,....S.,0,0,1,40,background,40,15,57244,107
2016-04-11 15:57:46,0.0,176.116.194.233,42.219.158.232,5101,5050,UDP,.A....,0,40,1,436,background,40,15,57466,222
2016-04-11 15:58:26,0.0,60.133.101.194,42.219.158.232,5189,5060,UDP,.A....,0,40,1,443,background,436,15,57506,40
2016-04-11 16:03:08,0.0,79.36.210.237,42.219.158.232,80,55621,TCP,.A..S.,0,72,1,44,background,443,16,57788,282
2016-04-11 16:05:36,0.0,36.37.183.136,42.219.158.232,48663,22,TCP,....S.,0,0,1,40,background,44,16,57936,148
2016-04-11 16:07:33,0.0,57.121.116.61,42.219.158.232,11040,123,UDP,.A....,0,40,1,76,background,40,16,58053,117
2016-04-11 16:17:49,0.0,176.116.194.233,42.219.158.232,5476,5051,UDP,.A....,0,40,1,438,background,76,16,58669,616
2016-04-11 16:18:20,0.0,240.62.27.30,42.219.158.232,44416,21320,TCP,....S.,0,0,1,40,background,438,16,58700,31
2016-04-11 16:18:22,0.0,198.132.87.115,42.219.158.232,443,443,TCP,....S.,0,40,1,40,background,40,16,58702,2
2016-04-11 16:19:49,0.0,246.7.154.24,42.219.158.232,12200,29081,TCP,....S.,0,72,1,40,background,40,16,58789,87
2016-04-11 16:22:18,3.0,210.99.88.9,42.219.158.232,49275,23,TCP,....S.,0,40,2,104,background,40,16,58938,149
2016-04-11 16:25:06,0.0,92.18.45.40,42.219.158.232,57156,1090,TCP,....S.,0,0,1,48,background,104,16,59106,168
2016-04-11 16:25:32,0.0,141.53.135.166,42.219.158.232,36481,23,TCP,....S.,0,40,1,60,background,48,16,59132,26
2016-04-11 16:31:52,0.0,69.26.99.197,42.219.158.232,80,20592,TCP,.A..S.,0,0,1,44,background,60,16,59512,380
2016-04-11 16:36:50,0.0,36.190.213.106,42.219.158.232,62898,22,TCP,....S.,0,0,1,52,background,44,16,59810,298
2016-04-11 16:37:11,2.988,69.34.126.28,42.219.158.232,45285,23,TCP,....S.,0,40,2,104,background,52,16,59831,21
2016-04-11 16:38:50,0.0,176.116.194.233,42.219.158.232,5106,4060,UDP,.A....,0,40,1,438,background,104,16,59930,99
2016-04-11 16:39:46,1.016,185.223.217.122,42.219.158.232,38491,80,TCP,....S.,0,72,2,120,background,438,16,59986,56
2016-04-11 16:40:51,0.0,248.18.149.207,42.219.158.232,65423,22,TCP,....S.,0,0,1,48,background,120,16,60051,65
2016-04-11 16:41:13,3.004,218.26.137.107,42.219.158.232,50197,23,TCP,....S.,0,72,2,104,background,48,16,60073,22
2016-04-11 16:42:20,0.0,60.96.49.142,42.219.158.232,5568,5060,UDP,.A....,0,40,1,443,background,104,16,60140,67
2016-04-11 16:44:05,3.084,70.250.199.246,42.219.158.232,57889,23,TCP,....S.,0,72,2,104,background,443,16,60245,105
2016-04-11 16:45:40,0.0,36.37.160.108,42.219.158.232,19090,5062,TCP,....S.,0,0,1,40,background,104,16,60340,95
2016-04-11 16:52:28,0.0,213.82.166.3,42.219.158.232,6057,5060,UDP,.A....,0,40,1,439,background,40,16,60748,408
2016-04-11 16:53:43,0.0,217.231.255.197,42.219.158.232,29941,3000,TCP,....S.,0,40,1,40,background,439,16,60823,75
2016-04-11 16:55:18,2.96,87.176.65.7,42.219.158.232,56624,23,TCP,....S.,0,40,2,104,background,40,16,60918,95
2016-04-11 16:58:53,3.024,245.124.106.255,42.219.158.232,43793,23,TCP,....S.,0,72,2,104,background,104,16,61133,215
2016-04-11 16:59:17,0.0,198.132.25.203,42.219.158.232,49717,21025,TCP,....S.,0,40,1,40,background,104,16,61157,24
2016-04-11 16:59:58,0.0,176.116.194.233,42.219.158.232,5507,5072,UDP,.A....,0,40,1,438,background,40,16,61198,41
2016-04-11 17:00:35,3.012,202.166.216.12,42.219.158.232,3466,445,TCP,....S.,0,0,2,96,background,438,17,61235,37
2016-04-11 17:05:48,3.028,220.233.167.76,42.219.158.232,2184,445,TCP,....S.,0,0,2,96,background,96,17,61548,313
2016-04-11 17:06:20,0.0,248.30.219.200,42.219.158.232,80,7002,TCP,.A....,0,8,1,44,background,96,17,61580,32
2016-04-11 17:12:30,0.0,127.10.224.132,42.219.158.232,0,2816,ICMP,.A....,0,0,1,96,background,44,17,61950,370
2016-04-11 17:18:34,0.0,198.132.59.191,42.219.158.232,14861,119,TCP,....S.,0,40,1,40,background,96,17,62314,364
2016-04-11 17:21:06,0.0,248.30.219.200,42.219.158.232,80,15827,TCP,.A....,0,8,1,44,background,40,17,62466,152
2016-04-11 17:21:33,0.0,176.116.194.233,42.219.158.232,5452,5074,UDP,.A....,0,40,1,436,background,44,17,62493,27
2016-04-11 17:23:23,9.0,239.187.69.160,42.219.158.232,57252,23,TCP,....S.,0,40,3,180,background,436,17,62603,110
2016-04-11 17:24:32,0.0,36.228.110.46,42.219.158.232,65519,5901,TCP,....S.,0,0,1,48,background,180,17,62672,69
2016-04-11 17:27:42,2.972,64.191.91.101,42.219.158.232,44466,23,TCP,....S.,0,72,2,104,background,48,17,62862,190
2016-04-11 17:28:42,0.0,248.143.191.61,42.219.158.232,80,48118,TCP,.A..S.,0,72,1,44,background,104,17,62922,60
2016-04-11 17:29:07,3.172,69.34.175.52,42.219.158.232,50598,23,TCP,....S.,0,40,2,104,background,44,17,62947,25
2016-04-11 17:30:26,9.0,33.1.81.87,42.219.158.232,3363,23,TCP,....S.,0,72,3,180,background,104,17,63026,79
2016-04-11 17:39:26,0.0,92.45.51.184,42.219.158.232,42227,123,UDP,.A....,0,0,1,37,background,180,17,63566,540
2016-04-11 17:42:35,0.0,176.116.194.233,42.219.158.232,5089,5075,UDP,.A....,0,40,1,439,background,37,17,63755,189
2016-04-11 17:42:47,0.0,43.42.79.203,42.219.158.232,54151,80,TCP,....S.,0,0,1,40,background,439,17,63767,12
2016-04-11 17:45:01,0.0,225.230.253.115,42.219.158.232,6000,9200,TCP,....S.,0,40,1,40,background,40,17,63901,134
2016-04-11 17:45:11,0.0,33.12.108.90,42.219.158.232,5386,5060,UDP,.A....,0,0,1,443,background,40,17,63911,10
2016-04-11 17:47:10,0.0,240.111.145.48,42.219.158.232,80,48974,TCP,.A..S.,0,0,1,44,background,443,17,64030,119
2016-04-11 17:49:10,0.0,117.208.149.130,42.219.158.232,55101,1911,TCP,....S.,0,72,1,40,background,44,17,64150,120
2016-04-11 17:49:10,0.0,117.208.149.131,42.219.158.232,42090,1911,TCP,....S.,0,72,1,40,background,40,17,64150,0
2016-04-11 17:49:57,0.996,89.27.219.54,42.219.158.232,35173,22,TCP,....S.,0,0,2,120,background,40,17,64197,47
2016-04-11 17:50:31,0.0,69.39.92.230,42.219.158.232,25661,3389,TCP,....S.,0,40,1,48,background,120,17,64231,34
2016-04-11 17:50:31,3.02,154.206.193.215,42.219.158.232,47096,23,TCP,....S.,0,72,2,104,background,48,17,64231,0
2016-04-11 17:51:06,0.996,89.27.219.54,42.219.158.232,48785,8080,TCP,....S.,0,0,2,120,background,104,17,64266,35
2016-04-11 17:51:23,2.9760000000000004,66.97.255.31,42.219.158.232,47146,445,TCP,....S.,0,72,2,96,background,120,17,64283,17
2016-04-11 17:52:01,0.0,36.37.147.152,42.219.158.232,56676,22,TCP,....S.,0,2,1,52,background,96,17,64321,38
2016-04-11 17:52:15,0.992,89.27.219.54,42.219.158.232,42122,80,TCP,....S.,0,0,2,120,background,52,17,64335,14
2016-04-11 17:54:51,0.0,212.88.63.199,42.219.158.232,38438,8443,TCP,....S.,0,0,1,48,background,120,17,64491,156
2016-04-11 17:56:40,2.972,212.52.12.210,42.219.158.232,2568,445,TCP,....S.,0,0,2,96,background,48,17,64600,109
2016-04-11 17:56:51,3.06,200.142.5.67,42.219.158.232,45226,23,TCP,....S.,0,0,2,104,background,96,17,64611,11
2016-04-11 18:03:47,0.0,176.116.194.233,42.219.158.232,5330,5065,UDP,.A....,0,40,1,438,background,104,18,65027,416
2016-04-11 18:08:32,8.988,70.46.166.190,42.219.158.232,44257,4028,TCP,....S.,0,0,3,180,background,438,18,65312,285
2016-04-11 18:15:01,0.0,182.42.182.186,42.219.158.232,9090,22,TCP,....S.,0,40,1,40,background,180,18,65701,389
2016-04-11 18:16:57,0.0,125.83.204.76,42.219.158.232,0,2048,ICMP,.A....,0,0,1,32,background,40,18,65817,116
2016-04-11 18:18:27,0.0,36.190.211.206,42.219.158.232,55714,22,TCP,....S.,0,0,1,52,background,32,18,65907,90
2016-04-11 18:19:35,3.0,237.141.126.155,42.219.158.232,51478,23,TCP,....S.,0,72,2,104,background,52,18,65975,68
2016-04-11 18:20:16,3.16,43.71.140.4,42.219.158.232,3828,445,TCP,....S.,0,72,2,96,background,104,18,66016,41
2016-04-11 18:24:00,0.0,117.208.149.168,42.219.158.232,46686,21,TCP,....S.,0,72,1,40,background,96,18,66240,224
2016-04-11 18:24:00,0.0,117.208.149.169,42.219.158.232,36134,21,TCP,....S.,0,72,1,40,background,40,18,66240,0
2016-04-11 18:25:05,0.0,176.116.194.233,42.219.158.232,5369,6000,UDP,.A....,0,40,1,437,background,40,18,66305,65
2016-04-11 18:27:23,0.0,250.152.150.118,42.219.158.232,15086,8090,TCP,....S.,0,0,1,40,background,437,18,66443,138
2016-04-11 18:28:00,0.0,105.190.91.120,42.219.158.232,5084,5060,UDP,.A....,0,40,1,440,background,40,18,66480,37
2016-04-11 18:29:12,3.004,58.29.130.207,42.219.158.232,48605,23,TCP,....S.,0,40,2,104,background,440,18,66552,72
2016-04-11 18:30:05,3.004,154.202.87.4,42.219.158.232,53654,23,TCP,....S.,0,72,2,104,background,104,18,66605,53
2016-04-11 18:33:01,0.0,227.123.95.46,42.219.158.232,47010,80,TCP,....S.,0,40,1,40,background,104,18,66781,176
2016-04-11 18:35:32,0.0,208.43.184.193,42.219.158.232,38044,1201,TCP,....S.,0,40,1,40,background,40,18,66932,151
2016-04-11 18:35:36,2.92,210.82.4.1,42.219.158.232,34559,445,TCP,....S.,0,0,2,96,background,40,18,66936,4
2016-04-11 18:36:11,3.0,179.122.2.137,42.219.158.232,57120,5900,TCP,....S.,0,0,2,120,background,96,18,66971,35
2016-04-11 18:40:58,0.0,208.43.183.74,42.219.158.232,49102,3389,TCP,....S.,0,40,1,48,background,120,18,67258,287
2016-04-11 18:41:26,0.0,194.231.171.145,42.219.158.232,34680,7777,TCP,....S.,0,40,1,40,background,48,18,67286,28
2016-04-11 18:41:44,3.004,214.239.159.78,42.219.158.232,56407,23,TCP,....S.,0,0,2,104,background,40,18,67304,18
2016-04-11 18:42:05,2.992,213.64.29.39,42.219.158.232,1640,445,TCP,....S.,0,40,2,128,background,104,18,67325,21
2016-04-11 18:42:19,0.0,75.129.168.66,42.219.158.232,6000,9200,TCP,....S.,0,40,1,40,background,128,18,67339,14
2016-04-11 18:42:30,2.96,70.175.80.48,42.219.158.232,2766,445,TCP,....S.,0,0,2,96,background,40,18,67350,11
2016-04-11 18:42:38,3.0,37.153.138.221,42.219.158.232,49402,23,TCP,....S.,0,72,2,104,background,96,18,67358,8
2016-04-11 18:46:19,0.0,176.116.194.233,42.219.158.232,5463,5040,UDP,.A....,0,40,1,438,background,104,18,67579,221
2016-04-11 18:48:16,0.0,69.81.144.249,42.219.158.232,43606,53,UDP,.A....,0,40,1,60,background,438,18,67696,117
2016-04-11 18:51:08,0.0,33.12.102.177,42.219.158.232,5168,5060,UDP,.A....,0,0,1,441,background,60,18,67868,172
2016-04-11 18:52:50,3.004,80.8.95.176,42.219.158.232,37573,23,TCP,....S.,0,72,2,104,background,441,18,67970,102
2016-04-11 18:56:24,0.0,197.197.151.10,42.219.158.232,5236,5060,UDP,.A....,0,40,1,434,background,104,18,68184,214
2016-04-11 18:59:40,2.992,178.117.206.118,42.219.158.232,42032,445,TCP,....S.,0,40,2,96,background,434,18,68380,196
2016-04-11 19:00:18,0.0,192.253.239.102,42.219.158.232,35656,22,TCP,....S.,0,72,1,40,background,96,19,68418,38
2016-04-11 19:01:26,2.932,64.34.182.7,42.219.158.232,4210,445,TCP,....S.,0,0,2,104,background,40,19,68486,68
2016-04-11 19:07:18,0.0,176.116.194.233,42.219.158.232,5218,6062,UDP,.A....,0,40,1,437,background,104,19,68838,352
2016-04-11 19:14:00,0.0,217.231.240.77,42.219.158.232,13342,3052,TCP,....S.,0,40,1,40,background,437,19,69240,402
2016-04-11 19:15:59,3.008,173.11.164.80,42.219.158.232,35830,23,TCP,....S.,0,72,2,104,background,40,19,69359,119
2016-04-11 19:20:11,0.0,33.12.111.207,42.219.158.232,5085,5060,UDP,.A....,0,0,1,444,background,104,19,69611,252
2016-04-11 19:21:23,0.0,67.116.103.246,42.219.158.232,5112,5060,UDP,.A....,0,40,1,440,background,444,19,69683,72
2016-04-11 19:21:23,3.064,70.48.19.128,42.219.158.232,46616,23,TCP,....S.,0,40,2,104,background,440,19,69683,0
2016-04-11 19:26:23,0.0,73.60.0.219,42.219.158.232,12201,5902,TCP,....S.,0,40,1,40,background,104,19,69983,300
2016-04-11 19:29:15,0.0,32.100.20.28,42.219.158.232,41478,50075,TCP,....S.,0,40,1,40,background,40,19,70155,172
2016-04-11 19:31:15,0.0,165.45.203.178,42.219.158.232,65097,22,TCP,....S.,0,40,1,48,background,40,19,70275,120
2016-04-11 19:34:26,0.0,164.229.81.77,42.219.158.232,12200,37015,TCP,....S.,0,72,1,40,background,48,19,70466,191
2016-04-11 19:35:34,0.0,198.132.44.182,42.219.158.232,34845,195,TCP,....S.,0,40,1,40,background,40,19,70534,68
2016-04-11 19:36:08,3.004,223.188.120.58,42.219.158.232,38233,23,TCP,....S.,0,40,2,104,background,40,19,70568,34
2016-04-11 19:36:31,0.0,60.133.101.194,42.219.158.232,5135,5060,UDP,.A....,0,40,1,445,background,104,19,70591,23
2016-04-11 19:36:50,0.0,62.27.235.66,42.219.158.232,0,2048,ICMP,.A....,0,40,1,32,background,445,19,70610,19
2016-04-11 19:39:07,0.0,78.180.78.61,42.219.158.232,34238,123,UDP,.A....,0,40,1,220,background,32,19,70747,137
2016-04-11 19:39:53,0.0,118.234.45.73,42.219.158.232,59356,3389,TCP,....S.,0,0,1,52,background,220,19,70793,46
2016-04-11 19:48:19,8.984,228.137.227.184,42.219.158.232,38119,23,TCP,....S.,0,40,2,120,background,52,19,71299,506
2016-04-11 19:50:11,0.0,69.124.8.108,42.219.158.232,42589,22,TCP,....S.,0,40,1,40,background,120,19,71411,112
2016-04-11 19:52:05,0.0,233.139.45.219,42.219.158.232,5064,5060,UDP,.A....,0,40,1,441,background,40,19,71525,114
2016-04-11 19:52:08,0.0,33.12.108.90,42.219.158.232,5442,5060,UDP,.A....,0,0,1,444,background,441,19,71528,3
2016-04-11 19:54:26,8.996,190.95.56.75,42.219.158.232,39252,23,TCP,....S.,0,40,3,180,background,444,19,71666,138
2016-04-11 19:55:09,0.0,32.100.20.28,42.219.158.232,41478,636,TCP,....S.,0,40,1,40,background,180,19,71709,43
2016-04-11 19:55:59,3.076,200.143.162.98,42.219.158.232,4516,445,TCP,....S.,0,0,2,96,background,40,19,71759,50
2016-04-11 20:06:30,0.0,185.60.79.173,42.219.158.232,57296,445,TCP,....S.,0,0,1,40,background,96,20,72390,631
2016-04-11 20:06:42,0.0,240.111.145.48,42.219.158.232,80,24083,TCP,.A..S.,0,0,1,44,background,40,20,72402,12
2016-04-11 20:08:26,0.0,73.133.93.64,42.219.158.232,6000,1433,TCP,....S.,0,40,1,40,background,44,20,72506,104
2016-04-11 20:08:41,0.0,221.177.81.97,42.219.158.232,35863,23,TCP,....S.,0,40,1,40,background,40,20,72521,15
2016-04-11 20:09:05,0.0,40.137.236.9,42.219.158.232,5122,5060,UDP,.A....,0,0,1,440,background,40,20,72545,24
2016-04-11 20:11:06,0.0,165.164.215.160,42.219.158.232,0,771,ICMP,.A....,0,16,1,81,background,440,20,72666,121
2016-04-11 20:14:44,2.9,50.19.53.69,42.219.158.232,1579,445,TCP,....S.,0,0,2,96,background,81,20,72884,218
2016-04-11 20:14:58,0.0,236.125.201.147,42.219.158.232,58300,137,UDP,.A....,0,40,1,78,background,96,20,72898,14
2016-04-11 20:22:02,3.108,232.98.80.146,42.219.158.232,10392,445,TCP,....S.,0,72,2,96,background,78,20,73322,424
2016-04-11 20:22:35,0.0,192.253.239.39,42.219.158.232,36693,8000,TCP,....S.,0,72,1,40,background,96,20,73355,33
2016-04-11 20:25:11,0.0,73.60.0.219,42.219.158.232,12211,22,TCP,....S.,0,40,1,40,background,40,20,73511,156
2016-04-11 20:27:29,0.0,176.42.134.120,42.219.158.232,8000,9753,TCP,...R..,0,0,1,40,background,40,20,73649,138
2016-04-11 20:27:31,0.0,185.60.79.173,42.219.158.232,58683,445,TCP,....S.,0,0,1,40,background,40,20,73651,2
2016-04-11 20:29:00,0.0,216.156.202.228,42.219.158.232,5278,5060,UDP,.A....,0,40,1,445,background,40,20,73740,89
2016-04-11 20:31:24,0.0,69.60.250.59,42.219.158.232,60221,123,UDP,.A....,0,40,1,40,background,445,20,73884,144
2016-04-11 20:32:59,0.0,41.239.98.109,42.219.158.232,548,10850,TCP,.A.R..,0,40,1,40,background,40,20,73979,95
2016-04-11 20:36:09,0.0,62.100.231.116,42.219.158.232,54011,22,TCP,....S.,0,0,1,44,background,40,20,74169,190
2016-04-11 20:36:09,0.0,62.100.231.116,42.219.158.232,54012,22,TCP,....S.,0,0,1,44,background,44,20,74169,0
2016-04-11 20:36:43,0.0,223.220.106.111,42.219.158.232,80,11988,TCP,.A..S.,0,40,1,44,background,44,20,74203,34
2016-04-11 20:36:48,0.0,185.60.79.173,42.219.158.232,59614,445,TCP,....S.,0,0,1,40,background,44,20,74208,5
2016-04-11 20:38:37,3.016,40.22.105.117,42.219.158.232,3174,445,TCP,....S.,0,40,2,104,background,40,20,74317,109
2016-04-11 20:39:35,0.0,208.43.182.148,42.219.158.232,54821,29081,TCP,....S.,0,40,1,40,background,104,20,74375,58
2016-04-11 20:45:47,0.0,45.231.248.127,42.219.158.232,8008,25579,TCP,.A.R..,0,40,1,40,background,40,20,74747,372
2016-04-11 20:47:14,0.0,62.40.208.28,42.219.158.232,41656,3390,TCP,....S.,0,0,1,40,background,40,20,74834,87
2016-04-11 20:49:58,0.0,56.228.99.129,42.219.158.232,0,2048,ICMP,.A....,0,72,1,40,background,40,20,74998,164
2016-04-11 20:52:46,0.0,240.111.145.48,42.219.158.232,80,43279,TCP,.A..S.,0,0,1,44,background,40,20,75166,168
2016-04-11 20:52:59,0.0,248.18.149.201,42.219.158.232,64020,22,TCP,....S.,0,0,1,48,background,44,20,75179,13
2016-04-11 20:54:24,0.0,73.60.0.219,42.219.158.232,12206,3306,TCP,....S.,0,40,1,40,background,48,20,75264,85
2016-04-11 20:59:46,8.996,198.208.134.220,42.219.158.232,60925,23,TCP,....S.,0,72,3,180,background,40,20,75586,322
2016-04-11 21:02:08,2.9960000000000004,50.56.34.140,42.219.158.232,54927,23,TCP,....S.,0,72,2,120,background,180,21,75728,142
2016-04-11 21:04:51,0.0,185.60.79.173,42.219.158.232,40721,445,TCP,....S.,0,0,1,40,background,120,21,75891,163
2016-04-11 21:06:43,0.0,32.100.20.28,42.219.158.232,41478,1900,TCP,....S.,0,40,1,40,background,40,21,76003,112
2016-04-11 21:08:12,0.0,240.63.255.1,42.219.158.232,59975,5555,TCP,....S.,0,0,1,40,background,40,21,76092,89
2016-04-11 21:08:28,2.98,200.139.13.214,42.219.158.232,46417,23,TCP,....S.,0,0,2,104,background,40,21,76108,16
2016-04-11 21:09:08,0.0,32.100.20.28,42.219.158.232,41478,25,TCP,....S.,0,40,1,40,background,104,21,76148,40
2016-04-11 21:09:55,0.0,69.81.144.249,42.219.158.232,55720,123,UDP,.A....,0,40,1,36,background,40,21,76195,47
2016-04-11 21:11:45,4.996,224.230.61.238,42.219.158.232,37880,23,TCP,....S.,0,40,6,360,background,36,21,76305,110
2016-04-11 21:12:45,4.944,226.158.231.170,42.219.158.232,46814,23,TCP,....S.,0,0,6,360,background,360,21,76365,60
2016-04-11 21:15:13,2.8680000000000003,64.77.130.134,42.219.158.232,3135,445,TCP,....S.,0,0,2,96,background,360,21,76513,148
2016-04-11 21:20:03,0.0,73.133.93.64,42.219.158.232,6000,1433,TCP,....S.,0,40,1,40,background,96,21,76803,290
2016-04-11 21:20:54,0.0,46.135.211.145,42.219.158.232,12710,5900,TCP,....S.,0,40,1,40,background,40,21,76854,51
2016-04-11 21:21:40,9.0,224.135.219.254,42.219.158.232,4799,23,TCP,....S.,0,0,3,180,background,40,21,76900,46
2016-04-11 21:26:42,0.0,42.112.137.119,42.219.158.232,5233,5060,UDP,.A....,0,40,1,445,background,180,21,77202,302
2016-04-11 21:27:04,0.0,168.98.166.241,42.219.158.232,53467,5900,TCP,....S.,0,0,1,48,background,445,21,77224,22
2016-04-11 21:32:15,0.0,217.231.255.195,42.219.158.232,22449,3306,TCP,....S.,0,40,1,40,background,48,21,77535,311
2016-04-11 21:39:42,2.944,214.185.247.235,42.219.158.232,3840,445,TCP,....S.,0,72,2,96,background,40,21,77982,447
2016-04-11 21:43:29,9.216,45.234.19.152,42.219.158.232,65080,445,TCP,....S.,0,40,3,152,background,96,21,78209,227
2016-04-11 21:49:24,0.0,86.128.235.174,42.219.158.232,5121,5060,UDP,.A....,0,0,1,441,background,152,21,78564,355
2016-04-11 21:50:57,0.0,101.202.95.133,42.219.158.232,80,34657,TCP,.A..S.,0,40,1,44,background,441,21,78657,93
2016-04-11 21:52:34,0.0,194.231.191.138,42.219.158.232,38582,1883,TCP,....S.,0,40,1,40,background,44,21,78754,97
2016-04-11 21:53:54,2.992,234.48.54.2,42.219.158.232,2310,445,TCP,....S.,0,72,2,96,background,40,21,78834,80
2016-04-11 21:54:26,0.0,240.111.145.48,42.219.158.232,80,57153,TCP,.A..S.,0,0,1,44,background,96,21,78866,32
2016-04-11 21:57:55,0.0,198.132.27.142,42.219.158.232,18242,1234,TCP,....S.,0,40,1,40,background,44,21,79075,209
2016-04-11 22:08:31,0.0,221.177.81.97,42.219.158.232,57811,6379,TCP,....S.,0,40,1,40,background,40,22,79711,636
2016-04-11 22:13:09,0.0,82.7.67.216,42.219.158.232,45721,1604,TCP,....S.,0,0,1,40,background,40,22,79989,278
2016-04-11 22:16:49,0.0,240.111.145.48,42.219.158.232,80,32632,TCP,.A..S.,0,0,1,44,background,40,22,80209,220
2016-04-11 22:21:07,0.0,92.40.124.145,42.219.158.232,6263,5060,UDP,.A....,0,40,1,445,background,44,22,80467,258
2016-04-11 22:21:57,0.0,51.128.77.9,42.219.158.232,47474,8080,TCP,....S.,0,40,1,60,background,445,22,80517,50
2016-04-11 22:23:03,0.0,33.12.108.90,42.219.158.232,5391,5060,UDP,.A....,0,0,1,445,background,60,22,80583,66
2016-04-11 22:23:40,0.0,168.105.238.186,42.219.158.232,80,56240,TCP,.A..S.,0,40,1,44,background,445,22,80620,37
2016-04-11 22:24:41,0.0,240.111.145.48,42.219.158.232,80,13188,TCP,.A..S.,0,0,1,44,background,44,22,80681,61
2016-04-11 22:31:24,0.0,185.60.79.173,42.219.158.232,46149,445,TCP,....S.,0,0,1,40,background,44,22,81084,403
2016-04-11 22:33:59,9.004,72.184.134.248,42.219.158.232,37337,23,TCP,....S.,0,40,3,168,background,40,22,81239,155
2016-04-11 22:34:49,0.0,33.12.117.59,42.219.158.232,5447,5060,UDP,.A....,0,0,1,443,background,168,22,81289,50
2016-04-11 22:42:01,0.0,228.137.113.6,42.219.158.232,38706,23,TCP,....S.,0,40,1,60,background,443,22,81721,432
2016-04-11 22:43:59,3.0,228.226.235.36,42.219.158.232,40113,445,TCP,....S.,0,40,2,96,background,60,22,81839,118
2016-04-11 22:44:01,0.0,182.42.182.186,42.219.158.232,9090,22,TCP,....S.,0,40,1,40,background,96,22,81841,2
2016-04-11 22:44:12,9.0,227.41.40.98,42.219.158.232,46389,23,TCP,....S.,0,40,3,180,background,40,22,81852,11
2016-04-11 22:47:06,0.0,47.149.222.98,42.219.158.232,36174,4899,TCP,....S.,0,40,1,40,background,180,22,82026,174
2016-04-11 22:48:38,0.0,164.231.230.223,42.219.158.232,12200,8118,TCP,....S.,0,72,1,40,background,40,22,82118,92
2016-04-11 22:53:26,0.0,170.142.80.51,42.219.158.232,63026,22,TCP,....S.,0,72,1,52,background,40,22,82406,288
2016-04-11 22:57:51,0.0,49.149.152.95,42.219.158.232,0,2048,ICMP,.A....,0,0,1,32,background,52,22,82671,265
2016-04-11 23:00:05,0.0,117.208.149.81,42.219.158.232,35803,143,TCP,....S.,0,72,1,40,background,32,23,82805,134
2016-04-11 23:00:05,0.0,117.208.149.83,42.219.158.232,52890,143,TCP,....S.,0,72,1,40,background,40,23,82805,0
2016-04-11 23:01:25,0.0,33.12.99.120,42.219.158.232,5117,5060,UDP,.A....,0,0,1,443,background,40,23,82885,80
2016-04-11 23:02:38,0.0,77.165.95.199,42.219.158.232,58231,23,TCP,....S.,0,40,1,52,background,443,23,82958,73
2016-04-11 23:02:41,0.0,165.225.172.89,42.219.158.232,27015,14764,UDP,.A....,0,40,1,159,background,52,23,82961,3
2016-04-11 23:03:30,3.004,221.30.60.220,42.219.158.232,52259,23,TCP,....S.,0,40,2,104,background,159,23,83010,49
2016-04-11 23:03:37,0.0,32.100.20.28,42.219.158.232,41478,993,TCP,....S.,0,40,1,40,background,104,23,83017,7
2016-04-11 23:09:47,0.0,69.39.92.230,42.219.158.232,12265,3388,TCP,....S.,0,40,1,48,background,40,23,83387,370
2016-04-11 23:10:11,0.0,71.196.244.2,42.219.158.232,0,2048,ICMP,.A....,0,72,1,60,background,48,23,83411,24
2016-04-11 23:10:18,0.0,164.229.244.209,42.219.158.232,12200,3128,TCP,....S.,0,72,1,40,background,60,23,83418,7
2016-04-11 23:10:52,0.0,71.252.29.73,42.219.158.232,42362,23,TCP,....S.,0,40,1,60,background,40,23,83452,34
2016-04-11 23:10:52,3.008,239.107.107.137,42.219.158.232,53682,23,TCP,....S.,0,72,2,104,background,60,23,83452,0
2016-04-11 23:13:50,3.06,76.60.7.134,42.219.158.232,4182,445,TCP,....S.,0,40,2,104,background,104,23,83630,178
2016-04-11 23:22:28,2.984,154.26.246.92,42.219.158.232,1421,445,TCP,....S.,0,40,2,96,background,104,23,84148,518
2016-04-11 23:26:42,0.0,33.12.107.16,42.219.158.232,5073,5060,UDP,.A....,0,0,1,444,background,96,23,84402,254
2016-04-11 23:32:07,3.0,50.46.219.85,42.219.158.232,3608,445,TCP,....S.,0,0,2,96,background,444,23,84727,325
2016-04-11 23:32:42,2.8760000000000003,65.27.9.66,42.219.158.232,1933,445,TCP,....S.,0,40,2,96,background,96,23,84762,35
2016-04-11 23:33:55,0.0,69.81.144.249,42.219.158.232,50874,161,UDP,.A....,0,40,1,61,background,96,23,84835,73
2016-04-11 23:33:55,3.0,41.121.44.47,42.219.158.232,34840,23,TCP,....S.,0,72,2,96,background,61,23,84835,0
2016-04-11 23:35:11,0.0,232.161.122.142,42.219.158.232,40986,23,TCP,....S.,0,40,1,60,background,96,23,84911,76
2016-04-11 23:35:47,0.0,32.100.20.28,42.219.158.232,41478,5632,TCP,....S.,0,40,1,40,background,60,23,84947,36
2016-04-11 23:40:25,0.0,240.62.27.30,42.219.158.232,49295,21320,TCP,....S.,0,0,1,40,background,40,23,85225,278
2016-04-11 23:41:57,0.0,240.111.145.48,42.219.158.232,80,45636,TCP,.A..S.,0,0,1,44,background,40,23,85317,92
2016-04-11 23:51:39,8.992,228.137.246.65,42.219.158.232,38353,23,TCP,....S.,0,40,2,112,background,44,23,85899,582
2016-04-11 23:52:26,0.0,62.149.232.134,42.219.158.232,12047,3389,TCP,....S.,0,0,1,48,background,112,23,85946,47
2016-04-11 23:52:47,0.0,222.156.17.70,42.219.158.232,33005,3389,TCP,....S.,0,40,1,40,background,48,23,85967,21
2016-04-11 23:55:14,2.988,224.228.193.98,42.219.158.232,7142,445,TCP,....S.,0,40,2,96,background,40,23,86114,147
2016-04-11 23:57:28,3.024,101.88.108.96,42.219.158.232,56340,7071,TCP,....S.,0,42,2,104,background,96,23,86248,134
2016-04-11 23:57:34,0.0,101.88.108.96,42.219.158.232,56340,7071,TCP,....S.,0,40,1,48,background,104,23,86254,6
2016-04-11 23:57:38,0.0,213.55.165.103,42.219.158.232,5064,5060,UDP,.A....,0,72,1,434,background,48,23,86258,4
2016-04-11 23:58:24,2.9960000000000004,204.223.23.73,42.219.158.232,63548,22,TCP,....S.,0,2,2,104,background,434,23,86304,46
